sample,temp,scan,timestamp,n_avg,A,A_err,T2,T2_err,beta,beta_err,dropped,elapsed_min,alpha
EDA,25C,1,2020-02-27 19:45:58,1,18.531393760413124,0.13468771697910192,0.012806765493269392,0.00019111260356752488,0.5943191088816064,0.004429085943677176,False,0.0,
EDA,25C,2,2020-02-27 19:53:50,1,18.24494786023958,0.13108322036025344,0.013264253566279282,0.00019118232658306303,0.6151593769249278,0.00466844674173049,False,7.866666666666666,0.0
EDA,25C,3,2020-02-27 20:01:42,1,18.018382541685618,0.13070884232062113,0.012859720053222277,0.00018323475179820578,0.6345922021042448,0.004992992973281106,False,15.733333333333333,0.030498023204669433
EDA,25C,4,2020-02-27 20:09:34,1,17.798680028532782,0.1317830646872258,0.01203015085402845,0.00017299002847956683,0.6451272717226271,0.00525269690466988,False,23.6,0.09303974068983412
EDA,25C,5,2020-02-27 20:17:26,1,17.959531067398704,0.13645035603144265,0.010829650539963308,0.00015960179917852803,0.6460940672757788,0.005402086735235867,False,31.466666666666665,0.18354617650745786
EDA,25C,6,2020-02-27 20:25:18,1,17.54160431922939,0.1370507810331061,0.010374470217073018,0.00015297650088224568,0.6725306926427032,0.005983399217870924,False,39.333333333333336,0.21786249296023297
EDA,25C,7,2020-02-27 20:33:10,1,17.428061927732685,0.14340896110532386,0.009377598239404122,0.00014505859693759803,0.6762182940421582,0.006362403952885988,False,47.2,0.29301726685592866
EDA,25C,8,2020-02-27 20:41:02,1,17.53500772637527,0.1532184584981612,0.008179325039438788,0.00013378302261468403,0.6800881668582265,0.006822145234240984,False,55.06666666666667,0.3833557992111616
EDA,25C,9,2020-02-27 20:49:00,1,17.416726885872706,0.11485200733229066,0.007216213545874044,8.832078342295802e-05,0.6882436162283637,0.005259078959959389,False,63.03333333333333,0.4559653500428187
EDA,25C,10,2020-02-27 20:57:00,1,17.336505264663266,0.12236584926988082,0.006259213035093108,8.160353378512554e-05,0.6926190062683115,0.005688891981949216,False,71.03333333333333,0.5281141902319
EDA,25C,11,2020-02-27 21:04:58,1,17.1491957900252,0.13114661331786004,0.005376206420089904,7.550787414000968e-05,0.6978379784785129,0.006241173588230402,False,79.0,0.5946845864167261
EDA,25C,12,2020-02-27 21:12:56,1,17.19625702308002,0.1504935387746182,0.004405031753315257,7.09235572377213e-05,0.6951343022297647,0.007075398346893443,False,86.96666666666667,0.6679020246933578
EDA,25C,13,2020-02-27 21:20:54,1,17.326422352117717,0.16592710074700986,0.0035480702403789593,6.292577948699224e-05,0.6872229605522683,0.007557448176667001,False,94.93333333333334,0.7325088650748541
EDA,25C,14,2020-02-27 21:28:52,1,17.028651769167688,0.18478405149399252,0.002874090001747838,5.771405607080522e-05,0.6865242981363805,0.00851738856696415,False,102.9,0.7833206378793586
EDA,25C,15,2020-02-27 21:44:48,2,17.018092882927597,0.17160203924838366,0.0019305178023929761,3.6311712579232394e-05,0.6749046820438689,0.0075997610127330195,False,118.83333333333333,0.8544571096483871
EDA,25C,17,2020-02-27 22:08:56,4,17.0194798690895,0.14537464049651516,0.000764563210072002,1.2543561588476899e-05,0.6315454597346383,0.005475953261599084,False,142.96666666666667,0.9423591228672156
EDA,25C,21,2020-02-27 22:41:08,4,15.6869983591648,0.3419458345437629,0.0002199577605950388,8.626657141289438e-06,0.641690248533386,0.012670985973783112,False,175.16666666666666,0.9834172530330526
EDA,25C,25,2020-02-27 23:12:24,4,11.851427247164114,0.6369201696491873,9.910077291537077e-05,7.9895017439735e-06,0.7407774968960863,0.03338807112361894,False,206.43333333333334,0.9925287335302978
EDA,25C,29,2020-02-27 23:43:24,4,5.757316978874293,0.3791229112947411,0.00010832427348581477,7.760738403496158e-06,1.1511535899578922,0.08875121004724831,False,237.43333333333334,0.9918333683124696
EDA,25C,33,2020-02-28 00:14:24,4,3.3243114662271593,0.1881883456260479,0.00013930786818289545,7.046372055734656e-06,1.619681927611146,0.1600703464081987,False,268.43333333333334,0.9894974965996544
EDA,25C,37,2020-02-28 00:45:26,4,2.8151055739531614,0.19626928601746707,0.00015376280411283504,1.0698088734295219e-05,1.4016226561955998,0.15479285342870233,False,299.46666666666664,0.9884077303449826
EDA,25C,41,2020-02-28 01:16:28,4,2.7896981468445845,0.21352381617813476,0.00015439611021940373,1.2278904353939723e-05,1.3219142677646087,0.15235608418520252,False,330.5,0.9883599850192918
EDA,25C,45,2020-02-28 01:47:32,4,2.5084995323731447,0.18272633738105207,0.00016502205321346333,1.2307452898806724e-05,1.3686859664576432,0.15798545410250323,False,361.56666666666666,0.9875588888293733
EDA,25C,49,2020-02-28 02:18:36,4,2.7136055517667517,0.22018711890861825,0.0001475315133266324,1.2343408982117589e-05,1.3245977006396725,0.15974969789159826,False,392.6333333333333,0.988877511079727
EDA,25C,53,2020-02-28 02:49:42,4,2.095426952293273,0.1333029957306734,0.000166080048432167,9.57107399398355e-06,1.6608688491840151,0.19937235846466553,False,423.73333333333335,0.9874791259378228
EDA,25C,57,2020-02-28 03:20:48,4,2.362338805575021,0.17742144184457984,0.00016424373049781906,1.2636413654529328e-05,1.3663275164757012,0.16213618216959755,False,454.8333333333333,0.9876175670438506
EDA,25C,61,2020-02-28 03:51:54,4,2.349845590316116,0.1939069144882589,0.00015169531564867569,1.2548022754920758e-05,1.3883481535804512,0.1791597932934965,False,485.93333333333334,0.9885635995353467
EDA,25C,65,2020-02-28 04:23:02,4,2.179950658210395,0.14473751737373194,0.00016823661834505704,1.015921006112012e-05,1.6553806881763349,0.20750386916443495,False,517.0666666666667,0.9873165408438246
EDA,25C,69,2020-02-28 04:54:12,4,2.35356887806986,0.1511217271664137,0.00015353724530040177,8.65245002787786e-06,1.7140076219786102,0.20887109090688744,False,548.2333333333333,0.9884247353585935
EDA,25C,73,2020-02-28 05:25:22,4,2.3539605339505685,0.1758080293610819,0.00015591854643767075,1.1338095481519923e-05,1.4587955537300217,0.179652565651305,False,579.4,0.9882452076433422
EDA,25C,77,2020-02-28 05:56:32,4,2.1895948962286624,0.1713982624223914,0.0001560164740811939,1.1579651941235862e-05,1.5195912379827823,0.2035091715848932,False,610.5666666666667,0.9882378248197982
EDA,25C,81,2020-02-28 06:27:44,4,2.4636597354436276,0.20204342587673393,0.00015020833718742475,1.3047706359211872e-05,1.2788088036088483,0.15203818427009813,False,641.7666666666667,0.9886757037298135
EDA,25C,85,2020-02-28 06:58:56,4,2.278135689390012,0.16523714575010182,0.00015655999299404717,1.0874477722152397e-05,1.4976303848476822,0.18362326334325454,False,672.9666666666667,0.9881968486042775
EDA,25C,89,2020-02-28 07:38:00,6,2.355226763894845,0.19374105772838596,0.0001546134028506793,1.4038539024643366e-05,1.2121391585590606,0.13925791014010042,False,712.0333333333333,0.9883436031980163
DAP,25C,1,2020-02-26 12:43:10,1,18.672857641148937,0.1122339181349492,0.018384594322298532,0.00022625339681509556,0.5976942439466667,0.003720842433539452,False,0.0,0.0
DAP,25C,2,2020-02-26 12:51:02,1,18.360635950088717,0.10797891607339762,0.017580079392785514,0.00020625743080257105,0.6208113637458672,0.0038967700417232515,False,7.866666666666666,0.04376027642542146
DAP,25C,3,2020-02-26 12:58:54,1,17.956580084189756,0.10884837016082295,0.01607931533949528,0.00018911825689413544,0.646522583963289,0.004324437237241856,False,15.733333333333333,0.1253918874895813
DAP,25C,4,2020-02-26 13:06:46,1,17.943841644009378,0.11636540130818115,0.01365098645124833,0.00016988572498086312,0.6567978517023131,0.004759368696974625,False,23.6,0.2574768737381844
DAP,25C,5,2020-02-26 13:14:38,1,17.821376748347802,0.12367652223870076,0.011275193838742186,0.0001478134893012453,0.6718023831752028,0.005306360141248106,False,31.466666666666665,0.3867042350199378
DAP,25C,6,2020-02-26 13:22:30,1,17.68093452616079,0.13657815864797326,0.009301908772734289,0.0001341401833574276,0.683105658401947,0.006085727796721871,False,39.333333333333336,0.4940378553008332
DAP,25C,7,2020-02-26 13:30:22,1,17.74612190960525,0.15741057491695207,0.007204014130858565,0.00011988841007175703,0.6774405032471905,0.006869199387589271,False,47.2,0.608149410067707
DAP,25C,8,2020-02-26 13:38:14,1,17.610637399016603,0.17563076539830613,0.005549482014315786,0.0001030032243810531,0.6845432832121364,0.007856379095507854,False,55.06666666666667,0.6981449839453426
DAP,25C,9,2020-02-26 13:46:12,1,17.57386945620806,0.15310281139411241,0.004002137570520459,6.586573314786615e-05,0.6682197861020784,0.0065373917352232035,False,63.03333333333333,0.7823102593204193
DAP,25C,10,2020-02-26 14:02:08,3,17.73721033640119,0.15140232341192314,0.0017810090139604466,3.0081619809238234e-05,0.6179613002394491,0.0054472435409822955,False,78.96666666666667,0.9031249217286087
DAP,25C,13,2020-02-26 14:34:00,4,18.12317803244876,0.4529259508298577,0.00031997076931434523,1.6599835472377446e-05,0.5391753701361037,0.011188285906140278,False,110.83333333333333,0.9825957122738218
DAP,25C,17,2020-02-26 14:58:04,3,15.566280934324768,1.0044256816903006,8.543630916330543e-05,9.481889208471073e-06,0.6078078985112504,0.02824831205231753,False,134.9,0.995352831416047
DAP,25C,20,2020-02-26 15:30:14,5,5.728526960270299,0.4138763778574395,0.00011107051648411156,8.856216142591509e-06,1.1353471336326926,0.09605160989604768,False,167.06666666666666,0.9939585005501376
DAP,25C,25,2020-02-26 16:01:48,3,3.5903391246567393,0.36373148068884625,0.00012219038794839923,1.3403343415461265e-05,1.1893363528997427,0.15234057299812984,False,198.63333333333333,0.9933536532921917
DAP,25C,28,2020-02-26 16:25:02,3,2.7327813044905094,0.2509912647233276,0.00014384664103172655,1.4215508892707283e-05,1.2399642145441931,0.15843299731114377,False,221.86666666666667,0.992175696754034
DAP,25C,31,2020-02-26 16:48:18,3,2.523312907213333,0.18631699928374904,0.00016039521371359082,1.1688445250550265e-05,1.4379478038913607,0.17433735194247207,False,245.13333333333333,0.9912755641543285
DAP,25C,34,2020-02-26 17:11:32,3,2.6834765789747252,0.22874734862072219,0.00014428270105172375,1.1682945027255178e-05,1.4876614178762717,0.20747315143248718,False,268.3666666666667,0.9921519779810031
DAP,25C,37,2020-02-26 17:34:48,3,2.137923951583454,0.15627284372849942,0.00015635469634163563,9.895184071968589e-06,1.7639766976578795,0.25247008123511505,False,291.6333333333333,0.9914953415016619
DAP,25C,40,2020-02-26 17:58:04,3,2.5379973342330917,0.21007464501123913,0.00014637191427781533,1.1827355831990325e-05,1.4327746792588167,0.1885031838208097,False,314.9,0.9920383386376777
DAP,25C,43,2020-02-26 18:21:22,3,2.355186437430607,0.1835216051021034,0.0001510269966057088,1.1061273334256324e-05,1.5284339276084518,0.20273996204494357,False,338.2,0.9917851330326866
DAP,25C,46,2020-02-26 18:44:38,3,2.3192664873016606,0.18358312708579494,0.0001566991504714679,1.1658806665390807e-05,1.5419258120538288,0.2118588367815034,False,361.46666666666664,0.9914766054815032
DAP,25C,49,2020-02-26 19:07:56,3,2.339002784543643,0.16355766851522274,0.0001513185257430397,9.293924150670768e-06,1.7045002426526166,0.2240733719694566,False,384.76666666666665,0.9917692757811084
DAP,25C,52,2020-02-26 19:31:16,3,2.3358316999419855,0.1645378770179329,0.00014841765459747637,9.149251936706157e-06,1.7052539177224244,0.22454516051290785,False,408.1,0.991927063932139
DAP,25C,55,2020-02-26 19:54:34,3,2.325447382852382,0.1990393982731712,0.00015243768012879663,1.2764706394512105e-05,1.4410781556527201,0.19973676544450045,False,431.4,0.9917084012050292
DAP,25C,58,2020-02-26 20:25:40,5,2.3565838731447464,0.13688124492608372,0.00015407702898425325,7.875486042076783e-06,1.708099205885869,0.1879078374995012,False,462.5,0.9916192314998556
DAB,25C,1,2020-02-29 22:34:16,1,18.374988026122608,0.09802392173951212,0.02278195926836095,0.00024154617977777994,0.6249458316955302,0.003597136502224618,False,0.0,0.0
DAB,25C,2,2020-02-29 22:42:08,1,18.14952050605037,0.094553357013139,0.022662379991725448,0.00023091658747337763,0.6396931747448037,0.0036614635723641563,False,7.866666666666666,0.005248858328070538
DAB,25C,3,2020-02-29 22:50:00,1,18.108377989497306,0.09923618791883951,0.020906979880357543,0.00022203626406253315,0.6481495709228515,0.003937852622133117,False,15.733333333333333,0.08230105961989553
DAB,25C,4,2020-02-29 22:57:54,1,18.011188206826766,0.10034869407982783,0.01934587575205423,0.00020590337639549519,0.6617637111751169,0.00415489051831467,False,23.633333333333333,0.15082475900475656
DAB,25C,5,2020-02-29 23:05:46,1,17.729711186331123,0.10222298043775173,0.01785509597093239,0.00019377874848572498,0.6760869709862429,0.004470313387149428,False,31.5,0.2162616147010178
DAB,25C,6,2020-02-29 23:13:38,1,18.0085766850508,0.10990590439629133,0.015459063310438568,0.00017801379261264056,0.673523259083632,0.004695459537467444,False,39.36666666666667,0.32143398518371713
DAB,25C,7,2020-02-29 23:21:30,1,17.59677451100759,0.11259183909263715,0.014308216631540468,0.00016808076833641343,0.7008715329356562,0.005297562496053959,False,47.233333333333334,0.37194968777723236
DAB,25C,8,2020-02-29 23:29:22,1,17.778448018207698,0.12417215526074771,0.01217233302491449,0.00015779789850469048,0.6894991343145682,0.005606322688481658,False,55.1,0.4657029765732599
DAB,25C,9,2020-02-29 23:37:20,1,17.663153132268633,0.09466942519510696,0.010526524570349515,0.00010388640128453758,0.6973249927086058,0.004392004765257004,False,63.06666666666667,0.5379447199272055
DAB,25C,10,2020-02-29 23:45:18,1,17.587913731990042,0.10114181228787969,0.008927367877826952,9.410478555224144e-05,0.7015131583617126,0.004758682190399528,False,71.03333333333333,0.6081387130638465
DAB,25C,11,2020-02-29 23:53:16,1,17.637588357225063,0.1147466372092483,0.0072924955128536575,8.725703329730681e-05,0.6975075995049669,0.005319029389766709,False,79.0,0.6799004235346298
DAB,25C,12,2020-03-01 00:01:14,1,17.746258796439,0.13026101866356446,0.005797054171197247,7.885582937489397e-05,0.6890067738215301,0.0058549554675919446,False,86.96666666666667,0.7455418955450395
DAB,25C,13,2020-03-01 00:17:10,2,17.66966370076929,0.11496375167252644,0.003966191782702756,4.8562966746860035e-05,0.6719092498833907,0.004931882182226564,False,102.9,0.8259064667800144
DAB,25C,15,2020-03-01 00:33:06,2,18.008401762649914,0.17186605238470928,0.0020572374064346806,3.813493620043855e-05,0.636631921707905,0.006462822877787324,False,118.83333333333333,0.9096988374791924
DAB,25C,17,2020-03-01 00:49:12,2,17.55933493999492,0.15173476268365627,0.001034868989777248,1.7250930440202765e-05,0.6337483034108927,0.005665518802594919,False,134.93333333333334,0.9545750662799907
DAB,25C,19,2020-03-01 01:05:24,2,17.330886376468225,0.25430364822946033,0.00046049291065582533,1.2898042143269691e-05,0.6227080791883977,0.00882972212450743,False,151.13333333333333,0.9797869487329236
DAB,25C,21,2020-03-01 01:21:30,2,16.630933978268757,0.46034850958506623,0.00021069899433419793,1.0448027306434202e-05,0.6429431339783829,0.016035879809103534,False,167.23333333333332,0.990751498066858
DAB,25C,23,2020-03-01 01:37:36,2,14.470702563686,0.8541583858294313,0.00011499876736875896,1.0925193887375877e-05,0.6915465690077554,0.034192827094494706,False,183.33333333333334,0.9949522002908474
DAB,25C,25,2020-03-01 01:53:04,2,10.315840206863513,0.8114741109029201,9.488639860417748e-05,1.0109032757628483e-05,0.8388625816225437,0.058833920670108,False,198.8,0.9958350202681666
DAB,25C,27,2020-03-01 02:08:34,2,5.837459455194065,0.4515616726638135,0.00011296824640775936,9.119499712319789e-06,1.2299410164640712,0.11962349683108985,False,214.3,0.9950413287515334
DAB,25C,29,2020-03-01 02:24:04,2,3.970482692592284,0.3007633145530765,0.00012221004476650882,8.5451294091339e-06,1.4895746804439236,0.17325648817220243,False,229.8,0.9946356657332703
DAB,25C,31,2020-03-01 02:39:34,2,3.4365850125687234,0.27866786143944144,0.00013167464071206852,9.740677762667529e-06,1.5453353376428205,0.20517993875111737,False,245.3,0.9942202231528464
DAB,25C,33,2020-03-01 02:55:04,2,3.162155824426814,0.30162519129933996,0.0001443265471914265,1.4288309827831728e-05,1.306299120073793,0.18159069069434158,False,260.8,0.9936648755494939
DAB,25C,35,2020-03-01 03:10:34,2,2.7573553260007686,0.2678740152570957,0.00014323970384554083,1.4187121492902952e-05,1.3382728415901353,0.19304062191784166,False,276.3,0.9937125818654031
DAB,25C,37,2020-03-01 03:26:04,2,2.376856866670606,0.1897966789413314,0.00016619451238518857,1.23930587439233e-05,1.5801400077841115,0.22776477811846357,False,291.8,0.992704994753634
DAB,25C,39,2020-03-01 03:41:36,2,2.2927280962378487,0.1629943339919722,0.0001571961605774824,9.176119587729198e-06,1.948461093751435,0.2967801749865087,False,307.3333333333333,0.993099971836233
DAB,25C,41,2020-03-01 03:57:08,2,1.9949840713166211,0.19628513573047182,0.00016751240845936706,1.5819068702498157e-05,1.5153773372943071,0.2598245268866869,False,322.8666666666667,0.9926471465212386
DAB,25C,43,2020-03-01 04:12:38,2,2.3617953027224745,0.1901037437664596,0.0001636114614858194,1.2302905355640858e-05,1.573195420633701,0.22667570148500765,False,338.3666666666667,0.9928183761739474
DAB,25C,45,2020-03-01 04:28:10,2,2.7618229850778864,0.3305367838850928,0.00013393828282495375,1.7517415984930603e-05,1.1963717451711393,0.18840788569518482,False,353.9,0.9941208619835009
DAB,25C,47,2020-03-01 04:43:42,2,2.25522617255963,0.18280378901338537,0.0001632127515801555,1.1792332435316733e-05,1.698905772418555,0.26389647356039303,False,369.43333333333334,0.9928358772984542
DAB,25C,49,2020-03-01 04:59:14,2,2.2650154647361087,0.15461685300700997,0.00015431882111165444,8.319020827589607e-06,2.094719840582555,0.3248287998301694,True,384.96666666666664,
DAB,25C,51,2020-03-01 05:14:46,2,2.196231896782993,0.19250593489947582,0.00015448675924876313,1.224413476728425e-05,1.6343427808826845,0.26092912083983444,False,400.5,0.9932188993304316
DAB,25C,53,2020-03-01 05:30:18,2,2.2137879207165625,0.22852484393946504,0.0001521159125784126,1.4967935908741995e-05,1.4983161859653706,0.25920403885340143,False,416.03333333333336,0.9933229661774671
DAB,25C,55,2020-03-01 05:45:52,2,2.2508421174704853,0.18866087550947944,0.00015342839883412552,1.1124336680604944e-05,1.7565236947970522,0.28560189572093914,False,431.6,0.9932653554057046
DAB,25C,57,2020-03-01 06:01:24,2,2.132447469811673,0.1622617376553811,0.00015264205761394053,9.550718198965546e-06,1.9216689348395122,0.30698844857670327,False,447.1333333333333,0.9932998713668176
DAB,25C,59,2020-03-01 06:16:58,2,2.250058546160269,0.16135027736997176,0.00015400462482952448,8.983395219174536e-06,1.9690145156540988,0.303651624385068,False,462.7,0.9932400623223218
DAB,25C,61,2020-03-01 06:32:30,2,1.9946773546333152,0.16550243257689518,0.00015696068868409075,1.109043625461439e-05,1.8187430463810552,0.304014399802398,False,478.23333333333335,0.9931103077292358
EDA,33C,1,2020-09-29 20:50:18,1,19.960606397336456,0.30481848341452206,0.01531250160049251,0.0004517001832767869,0.650679629803777,0.011021072612174655,False,0.0,
EDA,33C,2,2020-09-29 20:51:12,1,19.29465123699733,0.26793944244956286,0.018412692184559477,0.0004799206038508992,0.6789729248710941,0.01085374366017799,False,0.9,
EDA,33C,3,2020-09-29 20:52:06,1,19.73218793928889,0.26745125546750437,0.019061493070804184,0.0004931336156925976,0.6625593997646915,0.010128956292517637,False,1.8,
EDA,33C,4,2020-09-29 20:53:00,1,19.355484164759037,0.2560675441472484,0.020207858515848984,0.0005087215027109297,0.6656287868795066,0.009976026720611639,False,2.7,
EDA,33C,5,2020-09-29 20:53:54,1,19.521474492624048,0.26115713568947857,0.020090596227168953,0.0005182637406515178,0.6528312136478337,0.009734777682701586,False,3.6,
EDA,33C,6,2020-09-29 20:54:48,1,19.74707936642505,0.2622924030742713,0.02027439107073297,0.0005150272957926754,0.6607432403311575,0.009881885615980914,False,4.5,
EDA,33C,7,2020-09-29 20:55:40,1,18.934342479080215,0.2439047559496843,0.022023919744506577,0.0005260133033652912,0.6914928929718038,0.010424989785124733,False,5.366666666666666,0.0
EDA,33C,8,2020-09-29 20:56:34,1,19.273341782219823,0.25180219531166154,0.021295890404065952,0.0005186689924204444,0.6859825753647721,0.010416316008126654,False,6.266666666666667,0.03305630191565778
EDA,33C,9,2020-09-29 20:57:28,1,19.16922058237993,0.24568071628482777,0.021342064461796786,0.0005074300532304922,0.6908881869442438,0.010353049057904217,False,7.166666666666667,0.03095976059755967
EDA,33C,10,2020-09-29 20:58:22,1,18.689620796221995,0.2376181100129398,0.021745877371620696,0.0005039333452408747,0.708910161668868,0.010769326657566075,False,8.066666666666666,0.012624563479679107
EDA,33C,11,2020-09-29 20:59:16,1,19.049344009155597,0.24278649411101919,0.021188304379898604,0.0004964364072988673,0.7001088137080207,0.01054893986463685,False,8.966666666666667,0.03794126451157276
EDA,33C,12,2020-09-29 21:00:10,1,18.726439699315186,0.23957479720108718,0.021484914512518945,0.0005025636273586443,0.7056781493896273,0.010745223092650606,False,9.866666666666667,0.02447362859293367
EDA,33C,13,2020-09-29 21:01:04,1,19.14656306081764,0.24939478218169875,0.020488924033114825,0.0004944881166950245,0.6920696299041593,0.010552182455137032,False,10.766666666666667,0.0696967537658516
EDA,33C,14,2020-09-29 21:01:56,1,18.727416785814388,0.24674522779903715,0.021168384670568405,0.0005054803124931775,0.7147814485434304,0.011329466033114535,False,11.633333333333333,0.038845722462804044
EDA,33C,15,2020-09-29 21:02:50,1,18.47665467758083,0.23568165191747162,0.02169909669389152,0.0004939794473979832,0.7310158871102145,0.011432516510032471,False,12.533333333333333,0.014748648486883287
EDA,33C,16,2020-09-29 21:03:44,1,18.91246335181939,0.24905593476895158,0.020641185246311432,0.0004981658310053461,0.7032144904732643,0.01098717355979491,False,13.433333333333334,0.0627833062522869
EDA,33C,17,2020-09-29 21:04:38,1,18.822079029593255,0.24934936904554333,0.02042596971816706,0.000492753358000772,0.7098077497624403,0.011243989276245826,False,14.333333333333334,0.07255520565262208
EDA,33C,18,2020-09-29 21:05:32,1,18.62890810965927,0.24581211412461343,0.020279682257245246,0.0004768247263309664,0.7326087586034475,0.011870917116357354,False,15.233333333333333,0.07919741387980661
EDA,33C,19,2020-09-29 21:06:26,1,19.109212338480244,0.2577013163877487,0.019039195925839837,0.0004708909219429962,0.7023808421140038,0.011222566156392869,False,16.133333333333333,0.13552191677465675
EDA,33C,20,2020-09-29 21:07:20,1,18.73044845001714,0.24878663730592518,0.019462838262710478,0.00046479914213671,0.723035824055449,0.01166149810082339,False,17.033333333333335,0.11628636098871137
EDA,33C,21,2020-09-29 21:08:12,1,18.348076837191684,0.2444848130344021,0.019835239329950724,0.00046915419991604,0.7366830563074692,0.012109725561351781,False,17.9,0.09937742417998852
EDA,33C,22,2020-09-29 21:09:06,1,18.8682938351095,0.2571595389274814,0.01881020694603561,0.00046524668518041707,0.7132515912299322,0.011667428517458384,False,18.8,0.1459192022016228
EDA,33C,23,2020-09-29 21:10:00,1,18.62382333840179,0.2525887704372625,0.018825400353176067,0.0004535116555149709,0.7359177236708476,0.012300178040729639,False,19.7,0.14522934284340172
EDA,33C,24,2020-09-29 21:10:54,1,18.726291464585948,0.26188600547246277,0.018137887960192025,0.00045499707933274025,0.7254182910295951,0.012349898090495163,False,20.6,0.17644596554089087
EDA,33C,25,2020-09-29 21:11:48,1,18.612256147134225,0.2609536027069151,0.01804522038562243,0.000454972855364571,0.722743594168623,0.012297004036754863,False,21.5,0.18065355327480037
EDA,33C,26,2020-09-29 21:12:42,1,18.349802542986236,0.2526702699558317,0.018148021955825117,0.0004351851903388326,0.7573377545341434,0.013164211749242687,False,22.4,0.17598582966359677
EDA,33C,27,2020-09-29 21:13:36,1,18.529377293390706,0.26222047634826545,0.01748062157386551,0.0004370647585809152,0.7415532533528533,0.013012947115761847,False,23.3,0.20628926291716543
EDA,33C,28,2020-09-29 21:14:28,1,18.714558225081902,0.27056297173248917,0.01670725119362918,0.0004282075141857761,0.7378220996529495,0.013169066947836854,False,24.166666666666668,0.24140428282315785
EDA,33C,29,2020-09-29 21:15:22,1,18.478634511660346,0.2590455682669531,0.016876060357648933,0.00041424313599078684,0.7512752301525191,0.013202352593422222,False,25.066666666666666,0.23373947265412076
EDA,33C,30,2020-09-29 21:16:16,1,18.241173846602685,0.2653472249090872,0.016669162158191145,0.0004293149157878492,0.7392060011811342,0.013296136569355008,False,25.966666666666665,0.24313372226354335
EDA,33C,31,2020-09-29 21:17:10,1,18.641182283180843,0.26880668922894085,0.01601793251687434,0.0004053397930008866,0.7487606572968345,0.01349441351408139,False,26.866666666666667,0.2727029201570855
EDA,33C,32,2020-09-29 21:18:04,1,18.51021158565419,0.27262808028311325,0.015751868747050285,0.00040419496387290247,0.7566738945050007,0.014051834662362157,False,27.766666666666666,0.28478359303051537
EDA,33C,33,2020-09-29 21:18:58,1,18.652578587014315,0.2853227826299069,0.015023566527066134,0.000410223073167109,0.730295713014593,0.013667442745728032,False,28.666666666666668,0.3178522850904658
EDA,33C,34,2020-09-29 21:19:52,1,19.213092769523335,0.292138372292486,0.014423545233190213,0.00039487790399130203,0.7210938810097813,0.013269240737410194,False,29.566666666666666,0.34509635884466594
EDA,33C,35,2020-09-29 21:20:46,1,18.307200692930188,0.2711044808587501,0.015117662170239654,0.0003858069136212232,0.7686939503857494,0.01454208835271579,False,30.466666666666665,0.31357985564715607
EDA,33C,36,2020-09-29 21:21:40,1,18.46761723361253,0.29632329751309383,0.01421063316792901,0.0004087442909732807,0.7257221285396462,0.014168268379480488,False,31.366666666666667,0.3547636691023829
EDA,33C,37,2020-09-29 21:22:32,1,18.1499822419684,0.2720214845955414,0.014751890952125594,0.0003751089591835923,0.7863376965843899,0.015343425652766555,False,32.233333333333334,0.3301877629750646
EDA,33C,38,2020-09-29 21:23:26,1,18.667549672240195,0.2940301688695212,0.013267248076447963,0.0003681068918162068,0.7443258406075596,0.014569137228497306,False,33.13333333333333,0.39759823726395427
EDA,33C,39,2020-09-29 21:24:20,1,18.44890141064816,0.2899182452425552,0.013497009118745443,0.0003654428115181983,0.7687309008161209,0.015426721630251237,False,34.03333333333333,0.3871658962019239
EDA,33C,40,2020-09-29 21:25:14,1,18.184469436512654,0.29465346029519207,0.013248226523184145,0.00037196048698872155,0.7624058554333485,0.015665457116180302,False,34.93333333333333,0.39846191427896716
EDA,33C,41,2020-09-29 21:26:08,1,18.841529112007137,0.31511825756809014,0.011948860439974151,0.0003539199847426369,0.7383204836989666,0.01523362563198071,False,35.833333333333336,0.457459862795107
EDA,33C,42,2020-09-29 21:27:02,1,18.078832378474566,0.29304130349268964,0.012577626831072096,0.0003443003614636673,0.791321632928785,0.016777634559023057,False,36.733333333333334,0.4289106127800283
EDA,33C,43,2020-09-29 21:27:56,1,17.96813138537181,0.3025701478190925,0.012074424422304931,0.0003493190415547675,0.7717173939542951,0.01664144749375647,False,37.63333333333333,0.45175860780564947
EDA,33C,44,2020-09-29 21:28:50,1,18.336337684224926,0.3187903513724901,0.011505484932020716,0.0003499270238364295,0.7515820095227488,0.016361443105465664,False,38.53333333333333,0.47759140672992473
EDA,33C,45,2020-09-29 21:29:42,1,18.74466997866182,0.3343249799622024,0.010823052806988658,0.00034266189244882883,0.7356249568122464,0.01612880503619243,False,39.4,0.508577358955903
EDA,33C,46,2020-09-29 21:30:36,1,18.80805915570754,0.34541626995810426,0.010206826038891642,0.000331838855144958,0.7384231928511328,0.016719496270680926,False,40.3,0.5365572451544404
EDA,33C,47,2020-09-29 21:31:30,1,18.352962678698095,0.332004405306507,0.010546080259934398,0.0003356179566550378,0.7452710095370976,0.016754500488249918,False,41.2,0.5211533468030864
EDA,33C,48,2020-09-29 21:32:24,1,19.036121058989725,0.35977779136093024,0.009217988489312936,0.0003153952152877322,0.7144584800987529,0.016179382680135586,False,42.1,0.5814555902741982
EDA,33C,49,2020-09-29 21:33:18,1,18.126280160233158,0.3528103742055247,0.00975697476869451,0.00033145958036324475,0.7537072975281313,0.018397673385549377,False,43.0,0.5569828222277194
EDA,33C,50,2020-09-29 21:34:12,1,18.704741364119783,0.3711044393647785,0.008985886627625776,0.0003166015314241412,0.7347124224533408,0.017882159579719403,False,43.9,0.5919942166576808
EDA,33C,51,2020-09-29 21:35:06,1,18.17835558956038,0.3596319880404109,0.00923534696035206,0.0003213988455065501,0.7450098651980529,0.018298062479174922,False,44.8,0.5806674258039088
EDA,33C,52,2020-09-29 21:36:00,1,18.65499407137836,0.3955985920495882,0.008290796237207921,0.00031701565123888793,0.7183523128295594,0.0183250592780458,False,45.7,0.6235549196788236
EDA,33C,53,2020-09-29 21:36:52,1,17.9797332000771,0.361252509605767,0.008711834540575697,0.000300695906098714,0.7710045228860383,0.019789267172775953,False,46.56666666666667,0.6044376004980363
EDA,33C,54,2020-09-29 21:37:46,1,17.494017099016354,0.3417484805998461,0.0087725209774546,0.00028013509143514726,0.8288318864923214,0.021974934821724367,False,47.46666666666667,0.6016821220190502
EDA,33C,55,2020-09-29 21:38:40,1,18.5293127345805,0.4189076948475049,0.007447680151552213,0.0003058582805712435,0.7103135475808572,0.019119745415524768,False,48.36666666666667,0.6618367557659718
EDA,33C,56,2020-09-29 21:39:34,1,18.588322901715298,0.4155172592871377,0.007106042581429629,0.0002819715920365736,0.7344365946934129,0.020101997527824968,False,49.266666666666666,0.6773488705069366
EDA,33C,57,2020-09-29 21:40:28,1,18.0514511114135,0.4148308978328216,0.007123986988193359,0.00028702524115656135,0.7478425835761394,0.021367864066239944,False,50.166666666666664,0.6765341015206753
EDA,33C,58,2020-09-29 21:41:22,1,18.617490024247747,0.4377053672139198,0.006443818413657567,0.00026964139506980477,0.7312498133453605,0.020956875396843943,False,51.06666666666667,0.7074172768330738
EDA,33C,59,2020-09-29 21:42:16,1,18.279975048539708,0.44138748127688615,0.006377334813922108,0.0002758065629893688,0.7245221560754669,0.021156912845514315,False,51.96666666666667,0.710435976524442
EDA,33C,60,2020-09-29 21:43:10,1,18.54850399494606,0.4523910975216545,0.006120636841844202,0.0002674718138862839,0.7239876535635442,0.021333761102625002,False,52.86666666666667,0.7220913936825042
EDA,33C,61,2020-09-29 21:45:12,1,18.641441911267144,0.25575823798446906,0.005329540232138918,0.00013308405537643434,0.7070520254525845,0.011471519316290844,False,54.9,0.758011276195816
EDA,33C,62,2020-09-29 21:47:16,1,18.51315623932993,0.27142419950989877,0.00471338526234183,0.0001269798617238489,0.6966984914236761,0.011912207837500802,False,56.96666666666667,0.7859879023797529
EDA,33C,63,2020-09-29 21:49:18,1,18.528871813017282,0.2935117498028984,0.004129268509481171,0.00012116403179365889,0.6878867022998498,0.01255001785378348,False,59.0,0.8125098276154437
EDA,33C,64,2020-09-29 21:51:20,1,18.545467433554084,0.31471756395398776,0.0036069587086836113,0.00011345647261858784,0.6864534512177916,0.013367595975739588,False,61.03333333333333,0.836225397180568
EDA,33C,65,2020-09-29 21:53:24,1,18.773130850973182,0.35461494039627406,0.003094653581101089,0.00011027977827219341,0.667960562991161,0.014108751310757742,False,63.1,0.8594867027758314
EDA,33C,66,2020-09-29 21:59:32,4,18.50913157099388,0.21990579708088864,0.0021648772167424013,4.9358997791973676e-05,0.6485359411735061,0.008338553337520755,False,69.23333333333333,0.9017033642577459
EDA,33C,70,2020-09-29 22:07:44,4,17.80660632917116,0.3223253717449956,0.0012015336575468235,4.205140473686413e-05,0.6341682348850946,0.011959864460768767,False,77.43333333333334,0.9454441502018949
EDA,33C,74,2020-09-29 22:15:56,4,16.110809732221693,0.4330380459251427,0.0006985839377427769,3.452122210193676e-05,0.6708845132097662,0.019164060336599276,False,85.63333333333334,0.968280671840124
EDA,33C,78,2020-09-29 22:24:06,4,15.664765228780599,0.6971675836208968,0.00036833513474724485,2.9696507095575205e-05,0.6624872997971162,0.029332660784494966,False,93.8,0.9832756775805488
EDA,33C,82,2020-09-29 22:32:18,4,13.421583117478448,1.118826035379083,0.0002181485871088603,3.2691148514256485e-05,0.6419477485619882,0.04842807812428516,False,102.0,0.9900949245347993
EDA,33C,86,2020-09-29 22:40:32,4,11.498612614556416,2.030052719353911,0.00012207311988561632,3.8260617084667934e-05,0.6123492352837223,0.08500700011224915,False,110.23333333333333,0.9944572482418319
EDA,33C,90,2020-09-29 22:48:42,4,4.659059233237652,1.7793575467935379,0.00013312860460463157,8.00930759885067e-05,0.7266002001734775,0.2492102211522011,False,118.4,0.9939552719884099
EDA,33C,94,2020-09-29 22:58:58,7,38.95887826274933,558.9107937762732,4.425993804195006e-08,2.5069191174692515e-06,0.18280220359113478,0.7974695314151434,True,128.66666666666666,
EDA,33C,101,2020-09-29 23:18:06,4,5.8184059959457635,0.3097046280122401,0.0001231353736051892,6.497915501606174e-06,1.3472374146392356,0.10107223776347038,False,147.8,0.9944090164224331
EDA,33C,105,2020-09-29 23:35:24,4,5.328429511369948,0.481505086259185,0.00010857073586792451,1.0974303021633041e-05,1.1094148496909977,0.11420664767235326,False,165.1,0.9950703263938743
EDA,33C,109,2020-09-29 23:52:42,4,4.829510763974081,0.43246925214366794,0.00011877604283204377,1.2250905294807685e-05,1.0864848523544537,0.113130673463804,False,182.4,0.9946069526128895
EDA,33C,113,2020-09-30 00:10:02,4,4.632829897731186,0.38651429098421564,0.00012167349100733855,1.1162257778822853e-05,1.1632913288691527,0.12030254636101595,False,199.73333333333332,0.994475393462252
EDA,33C,117,2020-09-30 00:27:22,4,5.082196537364861,0.5722672711572439,0.00010428874837168757,1.3885050972401408e-05,1.021236455853114,0.12116503068819666,False,217.06666666666666,0.9952647507990624
EDA,33C,121,2020-09-30 00:44:42,4,4.231076413479884,0.33796015721175876,0.00012670309972311305,1.0646367157388527e-05,1.247437526872457,0.1330006341311245,False,234.4,0.9942470231823871
EDA,33C,125,2020-09-30 01:02:02,4,4.233270914801716,0.42023982571652935,0.00012253577889120967,1.3882040402553067e-05,1.10714629711147,0.13127735615022756,False,251.73333333333332,0.994436241127251
EDA,33C,129,2020-09-30 01:19:22,4,4.19589226784374,0.35910848084897423,0.00012829235861526702,1.1634838672879734e-05,1.238079052541974,0.14122595627120357,False,269.06666666666666,0.9941748625992307
EDA,33C,133,2020-09-30 01:41:04,6,5.204733232734043,0.5331520517473958,0.00010220689322922782,1.302978349935825e-05,0.9504032642236602,0.09677439924180511,False,290.76666666666665,0.9953592778027298
DAP,33C,1,2020-09-29 09:12:52,1,20.901701917505516,0.2534856842821428,0.024913316876831865,0.0006077300575435114,0.614526443196331,0.007969117010689145,False,0.0,
DAP,33C,2,2020-09-29 09:13:46,1,20.51500905886551,0.23337818330596513,0.029055100151505624,0.0006566532535490806,0.6262562995386285,0.007786841044264489,False,0.9,
DAP,33C,3,2020-09-29 09:14:40,1,20.30623181470722,0.22637872459764788,0.031070693572816565,0.0006864164437658367,0.6288123999285175,0.007719065331030824,False,1.8,
DAP,33C,4,2020-09-29 09:15:32,1,20.177943878045596,0.22058897588007076,0.03201949129380936,0.0006867274960851527,0.6380467033637648,0.0077715438309936295,False,2.6666666666666665,
DAP,33C,5,2020-09-29 09:16:26,1,20.239773989540023,0.21416001127145154,0.032405589688438936,0.0006702740166819638,0.6413884836671278,0.007594079803181896,False,3.566666666666667,
DAP,33C,6,2020-09-29 09:17:20,1,19.846032637300276,0.2100856233965049,0.03283203320273666,0.0006716563027912074,0.652047405102003,0.007815969415906286,False,4.466666666666667,0.0
DAP,33C,7,2020-09-29 09:18:14,1,19.690252848540926,0.21013037195593937,0.032750326328993946,0.0006648371314144691,0.6670246022326457,0.00818592099554185,False,5.366666666666666,0.0024886327702635658
DAP,33C,8,2020-09-29 09:19:08,1,19.868517615991777,0.21847012959444934,0.03104182554295981,0.0006627482220935583,0.6474603206087658,0.007993866410607418,False,6.266666666666667,0.05452625028496949
DAP,33C,9,2020-09-29 09:20:02,1,19.754264328779048,0.21102944745088337,0.030912597772977342,0.000627081299486567,0.6685500883587029,0.00820186938669375,False,7.166666666666667,0.058462277310298405
DAP,33C,10,2020-09-29 09:20:56,1,19.68815935080847,0.2152389008290362,0.029886991514652808,0.000620618988944401,0.6681947954690687,0.008373322516078566,False,8.066666666666666,0.08970025310032792
DAP,33C,11,2020-09-29 09:21:48,1,19.954728578344753,0.22322199080932528,0.028513342155849337,0.0006092548821358061,0.662681965976396,0.008428932072210725,False,8.933333333333334,0.13153894613286832
DAP,33C,12,2020-09-29 09:22:42,1,19.75660122948459,0.22500729752106505,0.027913403964019003,0.0005988423891943087,0.6761306635316268,0.008884731492707918,False,9.833333333333334,0.14981189889597424
DAP,33C,13,2020-09-29 09:23:36,1,19.050007712843886,0.2142245197520625,0.028603029765356145,0.0005937812553956372,0.696298557831788,0.009250628843498315,False,10.733333333333333,0.12880723564290286
DAP,33C,14,2020-09-29 09:24:30,1,19.419903057687954,0.21960587642802643,0.027112255531552897,0.0005664490705932074,0.6953768533102191,0.009269926830467854,False,11.633333333333333,0.17421332501293274
DAP,33C,15,2020-09-29 09:25:24,1,19.526344508385517,0.2284674857415324,0.02558669021616144,0.0005541022178556593,0.6934835972029174,0.009534977574364716,False,12.533333333333333,0.22067908319400986
DAP,33C,16,2020-09-29 09:26:18,1,19.291461258073465,0.22704251318478907,0.02561855832387217,0.0005500600713633738,0.7081848893043239,0.009963735664114258,False,13.433333333333334,0.2197084424933885
DAP,33C,17,2020-09-29 09:27:12,1,19.201249682376847,0.22615441178589732,0.024655189529877133,0.0005307244796925997,0.7063026155408174,0.009919015529139034,False,14.333333333333334,0.2490507859311606
DAP,33C,18,2020-09-29 09:28:06,1,19.29465349574073,0.23492875186232842,0.02352815530284217,0.0005178757412689321,0.717574754069283,0.010551412566522148,False,15.233333333333333,0.28337806076289473
DAP,33C,19,2020-09-29 09:28:58,1,18.99100770169935,0.22723700203687686,0.02313280888000234,0.0004947496526673882,0.729473361306407,0.010685892742168794,False,16.1,0.2954195453824606
DAP,33C,20,2020-09-29 09:29:52,1,19.302832747671008,0.2476199524614239,0.021614783493052084,0.0005047068334108443,0.7103159646268931,0.010905398450078634,False,17.0,0.34165565197922554
DAP,33C,21,2020-09-29 09:30:46,1,19.208468058759305,0.24989457318347005,0.020576616591972626,0.0004845996950847909,0.715947352931944,0.011218878346153392,False,17.9,0.3732762005656872
DAP,33C,22,2020-09-29 09:31:40,1,19.011155454117237,0.2474699696557908,0.020219685969916624,0.00046774833574314854,0.735455793240753,0.011794544088384703,False,18.8,0.3841476144635707
DAP,33C,23,2020-09-29 09:32:34,1,19.17891990772999,0.2532180669671083,0.01912636977073405,0.0004521121320838294,0.7274845288420272,0.011722795666559468,False,19.7,0.41744790361811024
DAP,33C,24,2020-09-29 09:33:28,1,19.31131458894189,0.2648224070067769,0.01805677405577016,0.0004484086204182747,0.7154244718205043,0.011803750620427687,False,20.6,0.4500257128679722
DAP,33C,25,2020-09-29 09:34:22,1,19.232975269633137,0.27203233660842857,0.017098527791898046,0.00043997904762252545,0.7105381799770597,0.012018999762117788,False,21.5,0.4792120339817143
DAP,33C,26,2020-09-29 09:35:16,1,19.08906904566343,0.27517654267895636,0.016388100951972875,0.0004218809276616536,0.7299782325490394,0.012873641456814786,False,22.4,0.5008502564925869
DAP,33C,27,2020-09-29 09:36:08,1,18.904657529946682,0.28119357040021653,0.015767862900739827,0.0004167153259404919,0.7353381115839198,0.013462186945687698,False,23.266666666666666,0.519741503568365
DAP,33C,28,2020-09-29 09:37:02,1,19.290823450770112,0.3001153848803707,0.014313340126545443,0.00040217179421530067,0.7178589028365883,0.01346392496933893,False,24.166666666666668,0.5640434438476268
DAP,33C,29,2020-09-29 09:37:56,1,18.717891056245644,0.29349062076887406,0.01426122694023192,0.0003955483975627785,0.7399343866123784,0.014349933956456954,False,25.066666666666666,0.5656307103440916
DAP,33C,30,2020-09-29 09:38:50,1,19.162345741836866,0.3147613653611775,0.012773555001646047,0.0003767717138812663,0.7237045266144365,0.014423604240664866,False,25.966666666666665,0.610942309823769
DAP,33C,31,2020-09-29 09:39:44,1,19.270537607111255,0.31950153972388917,0.012080395932754846,0.0003567550369011994,0.7322044926007331,0.014872329704940235,False,26.866666666666667,0.6320545895479934
DAP,33C,32,2020-09-29 09:40:38,1,18.95928879453196,0.3274243015612882,0.011278493679927545,0.0003490607959886904,0.7255761332519659,0.015228504888489744,False,27.766666666666666,0.6564789755698881
DAP,33C,33,2020-09-29 09:41:32,1,18.92754499731927,0.34509599599476426,0.010509528889550562,0.00034249810593611014,0.7281801189535902,0.01617839697596696,False,28.666666666666668,0.6799001504215536
DAP,33C,34,2020-09-29 09:42:26,1,18.946233292352495,0.3662232810658465,0.009910009904131227,0.00034452586822495085,0.7214832188347513,0.016856364929897057,False,29.566666666666666,0.6981603349711161
DAP,33C,35,2020-09-29 09:43:18,1,18.88624445491041,0.3637714484855861,0.00952168539905985,0.0003277065772568387,0.7282853401065708,0.01708667116454101,False,30.433333333333334,0.7099879456059339
DAP,33C,36,2020-09-29 09:44:12,1,19.272217191508187,0.40407666208311216,0.008104416412079927,0.0003088316445346158,0.7100260385999099,0.017729082240873942,False,31.333333333333332,0.7531552078412129
DAP,33C,37,2020-09-29 09:45:06,1,19.01296162266254,0.4129839498923701,0.0076315823750692435,0.0003008778427665011,0.7112208203040165,0.018416563467746144,False,32.233333333333334,0.7675568147746291
DAP,33C,38,2020-09-29 09:46:00,1,19.367486015015643,0.4435545072961888,0.006842432574500202,0.00028668735467443185,0.7027115608560115,0.01897426857432238,False,33.13333333333333,0.7915927858549479
DAP,33C,39,2020-09-29 09:46:54,1,19.201427063784784,0.4563246999925704,0.006292559870139139,0.00027317519316967645,0.7039541810802349,0.01974022492080653,False,34.03333333333333,0.8083408410535283
DAP,33C,40,2020-09-29 09:47:48,1,19.600945019896702,0.5021043204432498,0.005686726813361024,0.00027411739940825077,0.6736847225986127,0.019594151724597827,False,34.93333333333333,0.8267933399602246
DAP,33C,41,2020-09-29 09:49:36,3,19.65775613640789,0.3433327007131952,0.004482203242146494,0.00015157434221646854,0.645023056466805,0.012290145527458975,False,36.733333333333334,0.8634807897985164
DAP,33C,44,2020-09-29 09:52:18,3,19.369284580585152,0.4032570057235254,0.0033079231799717926,0.00013297237117508077,0.6460170748334686,0.01462936208198844,False,39.43333333333333,0.8992470810581397
DAP,33C,47,2020-09-29 09:55:00,3,19.654789167175647,0.49133487068385273,0.00233160508298075,0.00011366017863631481,0.6340704995960271,0.016851845113678852,False,42.13333333333333,0.928983835128846
DAP,33C,50,2020-09-29 09:57:40,3,18.720384019462884,0.5747465431896244,0.001688815619063329,9.91285619675181e-05,0.6494647547669405,0.02146087272438065,False,44.8,0.9485619544596903
DAP,33C,53,2020-09-29 10:00:22,3,18.011290342534753,0.7054933755972932,0.0012208265085033186,8.995943949837205e-05,0.6604250161854628,0.027926667491909626,False,47.5,0.9628159943380674
DAP,33C,56,2020-09-29 10:03:58,5,16.966233846827283,0.921334936127435,0.0006169988068801334,6.701521062458604e-05,0.5899859596641731,0.030277986811917523,False,51.1,0.9812074140194064
DAP,33C,61,2020-09-29 10:09:50,3,18.188653057249493,1.0366680694543937,0.0002839079318675466,3.0452187441284315e-05,0.6155336875566907,0.031893233265854214,False,56.96666666666667,0.991352715498476
DAP,33C,64,2020-09-29 10:16:00,3,13.13099843493381,1.971486975327829,0.00014425340123922127,3.75195103101016e-05,0.6460117962824937,0.08182129490147144,False,63.13333333333333,0.9956063214133447
DAP,33C,67,2020-09-29 10:22:08,3,0.397616403503643,0.0,8.54387450617766e-06,0.0,2.8907819935894947,0.0,True,69.26666666666667,
DAP,33C,70,2020-09-29 10:28:16,3,6.256348853538657,0.9846796073308342,0.00016061267939035466,2.6564133995004222e-05,1.310283747836326,0.31190347118122264,False,75.4,0.9951080495564019
DAP,33C,73,2020-09-29 10:34:26,3,2.42578493298375,0.41060790704951844,0.00010881735757841966,1.2572012743044364e-05,4.998976492835285,2.856901579559988,True,81.56666666666666,
DAP,33C,76,2020-09-29 10:40:34,3,0.19005475084149587,0.0,6.697796833078055e-06,0.0,3.2384439494866575,0.0,True,87.7,
DAP,33C,79,2020-09-29 10:46:44,3,1.0773703939961055,3.3394813411211826,7.668440107392848e-05,0.00013909470155801864,2.463741693789998,13.586078021681256,True,93.86666666666666,
DAP,33C,82,2020-09-29 10:52:52,3,0.11298670377004942,3.354323166573224,8.25061056561716e-05,0.002391369943410285,1.2409877129779188,39.48146749510855,True,100.0,
DAP,33C,85,2020-09-29 10:59:00,3,0.21009116822629886,0.0,1.0509984839052253e-06,0.0,3.9318291140468826,0.0,True,106.13333333333334,
DAP,33C,88,2020-09-29 11:05:10,3,0.5710353380058174,0.41002392511006186,0.00010826509234344815,5.335083634007236e-05,4.9761557068391,12.197847933864841,True,112.3,
DAP,33C,91,2020-09-29 11:11:18,3,0.21322065606116863,0.0,8.433121802886244e-06,0.0,4.032383137259341,0.0,True,118.43333333333334,
DAP,33C,94,2020-09-29 11:19:30,5,0.016675225310163157,0.0756420586863986,20.404597231985463,2354.812179598495,0.3334536115114317,12.059797643556808,True,126.63333333333334,
DAB,33C,1,2020-09-29 15:26:46,1,20.394407839167666,0.21315502163312133,0.03192166313695471,0.000648336933180514,0.6467948997279431,0.007598726832687488,False,0.0,
DAB,33C,2,2020-09-29 15:27:40,1,19.7770015335037,0.19538338628061724,0.037838586605829595,0.0007147124548182665,0.6625437460848942,0.0075729544891227525,False,0.9,
DAB,33C,3,2020-09-29 15:28:34,1,20.029252843745464,0.1953911933586828,0.03846513183469843,0.0007247330568927677,0.6530691513426895,0.007318168425479837,False,1.8,
DAB,33C,4,2020-09-29 15:29:28,1,20.16317728308602,0.2029651027281723,0.03890707935043265,0.0007603819328003174,0.648258040809623,0.007472269271825487,False,2.7,
DAB,33C,5,2020-09-29 15:30:20,1,19.857782873405043,0.19262464954506497,0.040782610707731544,0.0007603549575467659,0.657729544065075,0.007405095515201451,False,3.566666666666667,
DAB,33C,6,2020-09-29 15:31:14,1,19.48872578508204,0.18014786904282243,0.042134829096889065,0.0007264843895615496,0.6865468440155496,0.0075809360109348745,False,4.466666666666667,0.0
DAB,33C,7,2020-09-29 15:32:08,1,19.73186668452254,0.19119546340092955,0.04011920162899564,0.0007366476802298657,0.6711525714233234,0.007625560502124469,False,5.366666666666666,0.047837561255048344
DAB,33C,8,2020-09-29 15:33:02,1,19.923056691668688,0.19376390111829198,0.03868194722043874,0.0007121076939940307,0.6721502073658329,0.007646586163153166,False,6.266666666666667,0.08194840113176738
DAB,33C,9,2020-09-29 15:33:56,1,19.670839315800585,0.19249366835239992,0.03816412702195722,0.0007102604282849249,0.6676014992604857,0.007600262628050066,False,7.166666666666667,0.09423800119851478
DAB,33C,10,2020-09-29 15:34:50,1,19.472263409862563,0.18862693260511704,0.03809454905784364,0.0006873440818464865,0.687847203139334,0.007902009612358214,False,8.066666666666666,0.0958893183061168
DAB,33C,11,2020-09-29 15:35:44,1,19.221187855011294,0.19257824349871486,0.03795391375083385,0.0007094659804069049,0.6861951645116302,0.008138052811766825,False,8.966666666666667,0.09922706311306484
DAB,33C,12,2020-09-29 15:36:36,1,19.39174933746381,0.19239583736402338,0.03651378175582524,0.0006648652285630829,0.7026138048497996,0.008366856788426372,False,9.833333333333334,0.13340619771206919
DAB,33C,13,2020-09-29 15:37:30,1,19.538291506497067,0.19648556520835453,0.034623199954565864,0.0006403274724908543,0.7004567583758204,0.008413546540841397,False,10.733333333333333,0.17827600831251045
DAB,33C,14,2020-09-29 15:38:24,1,19.47186872025169,0.1991167007047672,0.03381440668331626,0.0006341395567164364,0.7032438787917094,0.008605740186500269,False,11.633333333333333,0.1974713696937036
DAB,33C,15,2020-09-29 15:39:18,1,19.570225268410656,0.20511332786315908,0.032329694820471426,0.0006211220227106399,0.703657892835473,0.008814712100575661,False,12.533333333333333,0.23270853321537688
DAB,33C,16,2020-09-29 15:40:12,1,19.528034727469084,0.20828174262197105,0.031316115462674814,0.0006161372654409933,0.6972055680243755,0.008816350401496,False,13.433333333333334,0.256764151323282
DAB,33C,17,2020-09-29 15:41:06,1,19.793534996640915,0.2112180543299566,0.029643833234093354,0.0005806673008379998,0.7020943806761583,0.008916841542920632,False,14.333333333333334,0.29645298510817875
DAB,33C,18,2020-09-29 15:42:00,1,19.498369561535508,0.21193517969796064,0.029027596701705943,0.0005777268643178357,0.7045975723201804,0.009136199342999342,False,15.233333333333333,0.311078332963996
DAB,33C,19,2020-09-29 15:42:52,1,19.482229046706777,0.21654147500341028,0.027748806072289054,0.0005624715719674071,0.7086750637839087,0.009432078831363794,False,16.1,0.3414282989381384
DAB,33C,20,2020-09-29 15:43:46,1,19.332748534660126,0.2151910820875414,0.027452556970621374,0.0005491017577558618,0.7240443993954924,0.009818901651320705,False,17.0,0.34845927801215937
DAB,33C,21,2020-09-29 15:44:40,1,19.52122514375716,0.22526096148406977,0.025715045792091242,0.0005363820802541977,0.717759578034744,0.010011719442124933,False,17.9,0.38969621229602047
DAB,33C,22,2020-09-29 15:45:34,1,18.974823287256854,0.2180050472269515,0.025815341233529587,0.0005257576742458734,0.7384744629431005,0.010500651808902773,False,18.8,0.3873158670190119
DAB,33C,23,2020-09-29 15:46:28,1,19.244056467445155,0.2297138943243385,0.02395370627382035,0.0005113400365806201,0.728976035106039,0.010649024121958095,False,19.7,0.43149867254145524
DAB,33C,24,2020-09-29 15:47:22,1,19.212066495407683,0.2357599620158937,0.022913507996329324,0.0005055336989453779,0.7232831642487717,0.01078834225832555,False,20.6,0.45618604637888294
DAB,33C,25,2020-09-29 15:48:16,1,19.026414171056096,0.23419409576489586,0.02230727275370242,0.0004841178412018997,0.7441044658212926,0.011399461580841362,False,21.5,0.4705740302777346
DAB,33C,26,2020-09-29 15:49:10,1,18.938632701658513,0.23838264303970014,0.02194426774732789,0.00048483110541352174,0.7489454007516652,0.011796298634944165,False,22.4,0.4791893495790137
DAB,33C,27,2020-09-29 15:50:02,1,18.80788656831829,0.24186759589324106,0.020716507421122136,0.0004671445918947682,0.7499966004236501,0.012080824500884707,False,23.266666666666666,0.5083281962890008
DAB,33C,28,2020-09-29 15:50:56,1,19.079425246026993,0.25568122987462244,0.018928162162956313,0.00045004766719916,0.7371170149861511,0.012190204725161358,False,24.166666666666668,0.5507715927972321
DAB,33C,29,2020-09-29 15:51:50,1,19.361085446632078,0.26281187986281385,0.017931957339523873,0.00043108877522541234,0.739005820478067,0.012404114845145949,False,25.066666666666666,0.5744148552664275
DAB,33C,30,2020-09-29 15:52:44,1,19.332924384799117,0.27032567402564905,0.016747086126894295,0.0004170082451732254,0.7330022747348515,0.012583726993808223,False,25.966666666666665,0.6025358002904353
DAB,33C,31,2020-09-29 15:53:38,1,18.86544093322667,0.2733978450255532,0.016393061331915884,0.0004205619209799899,0.7393263568120485,0.013249451827137455,False,26.866666666666667,0.6109379892292899
DAB,33C,32,2020-09-29 15:54:32,1,19.0514992514656,0.292311138174795,0.015035754196844109,0.00041448950648466517,0.7234110767074704,0.01347138850239198,False,27.766666666666666,0.6431514137088492
DAB,33C,33,2020-09-29 15:55:26,1,18.76536956895939,0.28712774500535426,0.014754237459969004,0.0003936620772017249,0.755578704738518,0.014555720412601666,False,28.666666666666668,0.6498327446388443
DAB,33C,34,2020-09-29 15:56:20,1,19.524176939695867,0.31287854602879284,0.01296548764000153,0.0003722291944514196,0.7262031730649009,0.014162379694271062,False,29.566666666666666,0.6922857427477068
DAB,33C,35,2020-09-29 15:57:12,1,19.256904138971002,0.32957499104139626,0.011936966975799618,0.0003746906549031523,0.7016004932287265,0.014186282782567429,False,30.433333333333334,0.716695967880858
DAB,33C,36,2020-09-29 15:58:06,1,19.24095815875855,0.32299293593577916,0.011865335426313834,0.0003500072479512951,0.7467484190028824,0.015613157463689879,False,31.333333333333332,0.7183960234173612
DAB,33C,37,2020-09-29 15:59:00,1,19.30368216299986,0.35452327777445963,0.01048970353635526,0.0003524514573460284,0.7038806513366711,0.015305137320188268,False,32.233333333333334,0.7510443554372992
DAB,33C,38,2020-09-29 15:59:54,1,18.983613993386996,0.36891204350446216,0.00988072479680657,0.00034781632297391826,0.7140215110213994,0.016623806933570275,False,33.13333333333333,0.7654974516667473
DAB,33C,39,2020-09-29 16:00:48,1,19.136415980516073,0.39261810696454585,0.008825321955057815,0.0003304615526199608,0.705949363779863,0.01717410351280581,False,34.03333333333333,0.7905456805161359
DAB,33C,40,2020-09-29 16:01:42,1,19.354828096836307,0.4102082204489437,0.008227986344791893,0.00031972535474345323,0.7010548746990659,0.017506131207686366,False,34.93333333333333,0.8047224464617708
DAB,33C,41,2020-09-29 16:02:36,1,19.8309331646352,0.44876075809534405,0.007185305606242972,0.00030782673148606663,0.6685354449325378,0.01709895520512505,False,35.833333333333336,0.8294687373782778
DAB,33C,42,2020-09-29 16:03:30,1,19.000365087831575,0.42759062480853605,0.007232832611301183,0.00029556006724414677,0.7106234422576152,0.019043467772320726,False,36.733333333333334,0.8283407630616163
DAB,33C,43,2020-09-29 16:04:22,1,18.102006324266917,0.41712344124890516,0.007097269854705468,0.00028594835273592744,0.7507925089390513,0.021581533911012862,False,37.6,0.8315581193319832
DAB,33C,44,2020-09-29 16:07:04,5,19.154429126910156,0.2571366573824248,0.004600234080870269,0.00011677414707321146,0.6679805922062355,0.010084614856372204,False,40.3,0.8908211050223551
DAB,33C,49,2020-09-29 16:11:32,5,19.142579732910853,0.3851117394708711,0.002402822940112169,9.574903527322773e-05,0.6198645559612418,0.013009652943703844,False,44.766666666666666,0.9429729990220946
DAB,33C,54,2020-09-29 16:16:56,7,18.433383828096005,0.5624780260549267,0.0010469735856996187,6.396519185908705e-05,0.6001128719197727,0.018086685318897254,False,50.166666666666664,0.9751518255054007
DAB,33C,61,2020-09-29 16:25:46,5,19.180569213422885,1.0401156096107325,0.00023211077708119892,2.5832695392113277e-05,0.5354287076597841,0.023126740287941545,False,59.0,0.9944912372482285
DAB,33C,66,2020-09-29 16:36:00,5,78.79276843704625,1256.5762456726416,3.659574755311663e-08,2.42579770166496e-06,0.18280970154927625,0.9429609295044504,True,69.23333333333333,
DAB,33C,71,2020-09-29 16:46:14,5,0.3132505596807293,0.0,8.164560033939516e-06,0.0,2.738480977255495,0.0,True,79.46666666666667,
DAB,33C,76,2020-09-29 16:56:30,5,4.193580423784158,1.829571689652512,9.937009481730783e-05,4.748478103004444e-05,1.1186323545820887,0.5376107704718595,False,89.73333333333333,0.9976416162840294
DAB,33C,81,2020-09-29 17:06:44,5,0.8654857032074039,0.34200306108064,0.00021015263290027005,6.837188204947836e-05,2.158373432712871,2.1143824363501214,True,99.96666666666667,
DAB,33C,86,2020-09-29 17:16:58,5,69.00426093380484,3901.9122265313163,4.1574968385171567e-08,8.516063978825457e-06,0.2021659035213901,3.601564119319942,True,110.2,
DAB,33C,91,2020-09-29 17:27:14,5,0.31159525210566985,0.0,1.2004937702711664e-05,0.0,2.744623180834008,0.0,True,120.46666666666667,
DAB,33C,96,2020-09-29 17:37:28,5,0.18059495391698963,0.0,3.914750515084559e-09,0.0,4.191127977762903,0.0,True,130.7,
DAB,33C,101,2020-09-29 17:54:34,5,3.701182039997411,0.29272821820155637,0.00012692874333890494,9.97397734153837e-06,1.3525151150533719,0.1531916285350231,False,147.8,0.9969875576557571
DAB,33C,106,2020-09-29 18:16:12,5,3.8719080455113444,0.42513455028070263,0.00011330919331518752,1.4454577301487135e-05,1.063651212596691,0.13114688758585824,False,169.43333333333334,0.9973107949944539
DAB,33C,111,2020-09-29 18:37:50,5,3.1105032170132048,0.43755602950335526,0.0001114662847217044,1.8563918684148616e-05,1.0335776004010937,0.1587541976143875,False,191.06666666666666,0.9973545333608596
DAB,33C,116,2020-09-29 18:59:28,5,4.277310994774748,0.4219597470896783,0.0001132895009460853,1.289090932440376e-05,1.0740536814516113,0.11985873574943615,False,212.7,0.9973112623600401
DAB,33C,121,2020-09-29 19:21:08,5,3.8601683800328717,0.4090145236364975,0.00011225243763004931,1.3060204902385461e-05,1.1458022079907737,0.14383398180243157,False,234.36666666666667,0.9973358753307882
DAB,33C,126,2020-09-29 19:42:56,5,3.7044008788765357,0.31618826773664255,0.00012162000201764189,1.0306665400764237e-05,1.3405951075723817,0.1597460007173828,False,256.1666666666667,0.9971135517901835
DAB,33C,131,2020-09-29 20:13:22,8,3.8124298711484035,0.3793742172290359,0.00010949483830511716,1.2706561965993164e-05,1.0508598907518547,0.11477252759885069,False,286.6,0.9974013223584381
EDA,40C,1,2020-07-29 14:31:02,1,20.305615785319358,0.31481994942439284,0.015993339569713556,0.0004987090400377529,0.6132326406284164,0.010032472861447279,False,0.0,
EDA,40C,2,2020-07-29 14:31:54,1,20.422784880937144,0.27477870389257314,0.02185703578538636,0.0005963386065237133,0.6068067828395086,0.008600872427433163,False,0.8666666666666667,
EDA,40C,3,2020-07-29 14:32:48,1,19.142003452013928,0.22879922845466563,0.029272682449609212,0.0006810003641628509,0.6450257005996824,0.008605201717918088,False,1.7666666666666666,
EDA,40C,4,2020-07-29 14:33:42,1,18.558651064781387,0.20263703398490243,0.034163723550547205,0.0007023867464051639,0.6769841701794796,0.00861009313620403,False,2.6666666666666665,
EDA,40C,5,2020-07-29 14:34:36,1,18.55574623031048,0.20147062992852485,0.03511670864301091,0.0007194547485292381,0.6749894216574044,0.008533662684330026,False,3.566666666666667,
EDA,40C,6,2020-07-29 14:35:30,1,18.695851783881793,0.2014836633368892,0.0355813285397107,0.0007267359583840309,0.6707803156110649,0.008389348600561076,False,4.466666666666667,
EDA,40C,7,2020-07-29 14:36:24,1,18.59360764844935,0.20007177645724597,0.035493012981779856,0.0007222819789437278,0.6728150318497946,0.008417439790653103,False,5.366666666666666,
EDA,40C,8,2020-07-29 14:37:18,1,18.247597521603222,0.19704614779599672,0.03634847632049464,0.0007291065355289785,0.6904754694141813,0.008837773746984169,False,6.266666666666667,
EDA,40C,9,2020-07-29 14:38:12,1,18.10629874708002,0.19075999674868002,0.0366697658617806,0.0007134801376592909,0.6963031450979923,0.008751071124006655,False,7.166666666666667,0.0
EDA,40C,10,2020-07-29 14:39:06,1,18.107611396760273,0.18730851268394832,0.036501297067771735,0.0006865853407497926,0.7120447091594775,0.008925364687878091,False,8.066666666666666,0.004594215153810199
EDA,40C,11,2020-07-29 14:39:58,1,18.11987784626574,0.19385276106091545,0.03537522169580981,0.000695060603207155,0.7018507179394531,0.008990518127512778,False,8.933333333333334,0.035302766067564106
EDA,40C,12,2020-07-29 14:40:52,1,18.01003592985703,0.19066592264035426,0.03532492444240079,0.0006770682071225338,0.7165234025291,0.00922119653354633,False,9.833333333333334,0.03667439340760781
EDA,40C,13,2020-07-29 14:41:46,1,18.087596314230513,0.19602154062649466,0.03371714666536532,0.0006673079318112875,0.7075422465302031,0.009216939183542725,False,10.733333333333333,0.08051917232154104
EDA,40C,14,2020-07-29 14:42:40,1,17.78587862075679,0.19009919637184572,0.03382173535191778,0.0006508874769501823,0.7222038736752134,0.009425058733703136,False,11.633333333333333,0.07766699467342952
EDA,40C,15,2020-07-29 14:43:34,1,17.761302309970155,0.19602288639646684,0.032781557964076086,0.000653045272586175,0.7195763379187851,0.00966058391151189,False,12.533333333333333,0.10603307128712902
EDA,40C,16,2020-07-29 14:44:28,1,17.76946709972797,0.19955475743667658,0.031107425447134577,0.0006303353322566974,0.7199000677432346,0.009824884448552923,False,13.433333333333334,0.1516873719786529
EDA,40C,17,2020-07-29 14:45:22,1,17.53286835002667,0.1957934786901327,0.030921541887625473,0.0006066321099205008,0.7483731661899566,0.010475317257269301,False,14.333333333333334,0.15675649514158108
EDA,40C,18,2020-07-29 14:46:16,1,17.74921334811506,0.2033478420053354,0.029244880980615496,0.0005937589432468004,0.73890670474186,0.010494240817447051,False,15.233333333333333,0.20247974609796338
EDA,40C,19,2020-07-29 14:47:10,1,17.88770964512289,0.2096088183652283,0.027689135226150866,0.000573973514033945,0.7407601900925106,0.01077640397722036,False,16.133333333333333,0.24490558978424992
EDA,40C,20,2020-07-29 14:48:02,1,17.633123361316127,0.20708057308937045,0.026985164656705692,0.0005512138165855925,0.7591763581658311,0.011293578264318342,False,17.0,0.26410316448648974
EDA,40C,21,2020-07-29 14:48:56,1,17.562776138831673,0.2133480536031524,0.025722297521672245,0.0005438063567528895,0.7584804416989416,0.011659465167019987,False,17.9,0.29854208454378084
EDA,40C,22,2020-07-29 14:49:50,1,17.8614466526647,0.22223822646045166,0.023469396152228754,0.000514765865624559,0.7443628685276806,0.011532743573794524,False,18.8,0.35997965624618433
EDA,40C,23,2020-07-29 14:50:44,1,17.405450253606027,0.22301265303491125,0.023207108010055655,0.0005122433857074267,0.7697040182981595,0.01262895243143354,False,19.7,0.36713236464257115
EDA,40C,24,2020-07-29 14:51:38,1,17.654923186808677,0.2372446526879825,0.021208127456560442,0.0005007034593492341,0.7478899900936855,0.01255954609107478,False,20.6,0.4216454084681024
EDA,40C,25,2020-07-29 14:52:32,1,17.415622850530408,0.2391067007135744,0.020198420664963544,0.0004815229540178507,0.7607256198884301,0.013238237198135482,False,21.5,0.4491805390550493
EDA,40C,26,2020-07-29 14:53:26,1,18.037266955299216,0.2675261569542264,0.017944640905123745,0.00048479048549339014,0.7093547101223776,0.012566969319601945,False,22.4,0.5106420648344878
EDA,40C,27,2020-07-29 14:54:20,1,17.914358471390535,0.26509680109848566,0.016823892967957096,0.0004460551678931879,0.7265363093442949,0.013101738101521782,False,23.3,0.5412053343516994
EDA,40C,28,2020-07-29 14:55:14,1,17.87746610207972,0.2758794945877577,0.015683100144783142,0.00043257767667620955,0.7289705228398965,0.013744038004872287,False,24.2,0.5723152363749069
EDA,40C,29,2020-07-29 14:56:08,1,17.697350387057522,0.2881757464113745,0.014576182158067729,0.00042176974951482413,0.7350809627466873,0.01472396929275227,False,25.1,0.6025013573031867
EDA,40C,30,2020-07-29 14:57:00,1,17.23270814794169,0.2935650765830028,0.013899691782507353,0.00041557633285767515,0.7483999279868913,0.015919536942572192,False,25.966666666666665,0.6209495355138214
EDA,40C,31,2020-07-29 14:57:54,1,17.428511319080577,0.3181838283675763,0.01214972139438594,0.0003982151345206896,0.7238505921495617,0.01603340648264193,False,26.866666666666667,0.6686719669773213
EDA,40C,32,2020-07-29 14:58:48,1,17.806184305429092,0.3505219652037813,0.010667599153324448,0.0003872973359285531,0.6956742820997976,0.01605407990778543,False,27.766666666666666,0.7090900663632856
EDA,40C,33,2020-07-29 14:59:42,1,17.688349652953008,0.3622289301988202,0.00975009326214862,0.00036575110488149654,0.7024117952983502,0.016993266387758357,False,28.666666666666668,0.7341108394610518
EDA,40C,34,2020-07-29 15:00:36,1,18.108783509233486,0.40915024978550707,0.008162870920363064,0.00035046196527301185,0.6652664175138627,0.01693320885148881,False,29.566666666666666,0.7773950629755482
EDA,40C,35,2020-07-29 15:01:30,1,17.363247466603436,0.4000578966882898,0.008033371642659775,0.000338085539532555,0.7048430947351414,0.019219003346767276,False,30.466666666666665,0.7809265629636148
EDA,40C,36,2020-07-29 15:02:24,1,17.845191227495473,0.470816483630116,0.006507992725593611,0.00033100901987587975,0.6506569233788585,0.018940767324880432,False,31.366666666666667,0.8225242901707036
EDA,40C,37,2020-07-29 15:03:18,1,17.253036525172202,0.4999859825493808,0.00593267659200041,0.0003273673049105771,0.6622609944835092,0.021482083215481878,False,32.266666666666666,0.8382134040789228
EDA,40C,38,2020-07-29 15:04:12,1,17.936687464032435,0.5800324924751081,0.00483932154335338,0.0003079074992867259,0.6302727462381154,0.021815426305246848,False,33.166666666666664,0.8680296579587052
EDA,40C,39,2020-07-29 15:05:06,1,17.517259909562394,0.5960496845370896,0.004385871197890607,0.00028880811895231305,0.6453912235876526,0.023962776945592033,False,34.06666666666667,0.8803954403629879
EDA,40C,40,2020-07-29 15:06:00,1,18.509396981809918,0.7459084747991996,0.003251688043179673,0.0002728381879398005,0.5775259771824015,0.02296573908239824,False,34.96666666666667,0.9113250939360708
EDA,40C,41,2020-07-29 15:06:52,1,17.242270014179084,0.7043962801394719,0.0032096335768214026,0.0002559734949776965,0.6354371168819197,0.02782301997929239,False,35.833333333333336,0.9124719369924673
EDA,40C,42,2020-07-29 15:08:40,3,17.313041678899715,0.5240977159558879,0.002187045230124107,0.00013354149426101958,0.6026073333748901,0.018531357175695838,False,37.63333333333333,0.9403583530266394
EDA,40C,45,2020-07-29 15:11:22,3,15.850007885006619,0.6914478896693722,0.0013637514951483508,0.00011666235724224771,0.6229654890259105,0.028018576758954472,False,40.333333333333336,0.9628099208408163
EDA,40C,48,2020-07-29 15:14:04,3,18.715635484054705,1.4566173572932641,0.0005152375793275001,8.92899871738119e-05,0.49915643708680113,0.03154994189290108,False,43.03333333333333,0.9859492536366448
EDA,40C,51,2020-07-29 15:16:46,3,16.286565759063773,1.8578490566660024,0.0003555186688709513,8.231557819279235e-05,0.5608581154079898,0.055392487137208145,False,45.733333333333334,0.9903048557710729
EDA,40C,54,2020-07-29 15:19:28,3,4.548055907455079,1.8382972376591515,0.00027884289722386184,0.00018143846963535642,0.7671310409322037,0.3357483307193177,False,48.43333333333333,0.9923958364426185
EDA,40C,57,2020-07-29 15:23:04,4,96.78036251504375,199.65977508684907,1.1266962938852256e-07,8.617210203250616e-07,0.17538307053501628,0.09776522827431736,True,52.03333333333333,
EDA,40C,61,2020-07-29 15:28:06,3,6.953581785235665,2.510101060277376,0.00011479282891682706,6.772001626440242e-05,0.6775933476349965,0.20216099481898006,False,57.06666666666667,0.9968695510805955
EDA,40C,64,2020-07-29 15:34:14,3,6.69447215063525,29.89119945070167,2.6625866961988738e-05,0.00015449197209674222,0.6678874630693328,1.4495302217378552,True,63.2,
EDA,40C,67,2020-07-29 15:40:24,3,65.6560474111102,3561.0754176270248,3.621510586866012e-08,7.76221209412905e-06,0.193722703359602,3.470462124331891,True,69.36666666666666,
EDA,40C,70,2020-07-29 15:46:32,3,10.856974507572362,6.083310515439285,5.913411056425232e-05,5.431159221598762e-05,0.608797728754724,0.22194204941618287,False,75.5,0.9983873878336953
EDA,40C,73,2020-07-29 15:52:42,3,1.9592693072615255,1.0123593864017963,0.0001832349571110672,0.00011383702255402923,1.1037213338786904,0.7707941942323548,False,81.66666666666667,0.995003105342921
EDA,40C,76,2020-07-29 15:58:50,3,41.63834119999725,846.0295963065934,3.010401744851555e-08,2.9534666740102286e-06,0.1669519930439381,1.1539580477205518,True,87.8,
EDA,40C,79,2020-07-29 16:05:00,3,0.5768385600868774,0.267913001811506,0.00020280021441249437,6.034584620109935e-05,4.999999999999997,10.453718063599775,True,93.96666666666667,
EDA,40C,82,2020-07-29 16:11:08,3,0.25362593146285894,15.466051700594548,2.0889593237482558e-08,1.8433150183989795e-05,0.07046798627980172,1.8277659932227632,True,100.1,
EDA,40C,85,2020-07-29 16:17:18,3,7.465191270325067,3.9863302031022103,7.926916986321788e-05,6.513726019946081e-05,0.6906070014146147,0.27764543085680016,False,106.26666666666667,0.9978382962639574
EDA,40C,88,2020-07-29 16:23:28,3,0.14492175629046955,0.0,1.8420993785119846e-11,0.0,4.688634907475256,0.0,True,112.43333333333334,
EDA,40C,91,2020-07-29 16:29:36,3,0.10912593577958242,0.17056936234116513,0.0009914973947661738,0.0014689997595899236,1.9927992087332718,8.14026545071942,False,118.56666666666666,0.9729614473541112
EDA,40C,94,2020-07-29 16:35:46,3,129.33152253558438,2234.003595977533,3.0656489774961846e-08,2.2696473545406013e-06,0.19074264099546828,1.1758823045844917,True,124.73333333333333,
EDA,40C,97,2020-07-29 16:43:58,4,0.2434199583281519,0.0,3.7725312374651816e-07,0.0,4.288598840014563,0.0,True,132.93333333333334,
EDA,40C,101,2020-07-29 16:54:40,3,5.890258087286482,0.613926392205609,0.0001153140890164888,1.5623726875625624e-05,0.9180637002570995,0.09705458951923286,False,143.63333333333333,0.9968553360975594
EDA,40C,104,2020-07-29 17:07:38,3,5.991910308936989,0.5055784862606089,0.00012092359805818581,1.2539648887000751e-05,0.9985919523182549,0.09243760188730049,False,156.6,0.9967023624172027
EDA,40C,107,2020-07-29 17:20:38,3,5.42575127919945,0.45398066592747954,0.00012676966933231556,1.2898146789044582e-05,1.0220001094510802,0.0971004327701779,False,169.6,0.9965429375848718
DAP,40C,1,2020-07-28 18:35:52,1,21.95504311230239,0.3470434598326822,0.01582554599080323,0.00053244734756775,0.5640969542223849,0.0087877114812753,False,0.0,
DAP,40C,2,2020-07-28 18:36:44,1,20.445055833083238,0.24240318492845744,0.029642972847239463,0.0007060293093544743,0.6164687085867452,0.007917145631635158,False,0.8666666666666667,
DAP,40C,3,2020-07-28 18:37:38,1,19.505553826679495,0.2030668976449631,0.03863137731593471,0.0007722637070392635,0.6585175348205515,0.007917636627379635,False,1.7666666666666666,
DAP,40C,4,2020-07-28 18:38:32,1,19.581553016018677,0.19452601419771884,0.04186632181160267,0.0008081359684629251,0.647682125610152,0.007427494665129108,False,2.6666666666666665,
DAP,40C,5,2020-07-28 18:39:26,1,19.080785723092113,0.17741157479565248,0.0467893906735557,0.0008255521334248174,0.6698584112023407,0.007426837933146408,False,3.566666666666667,
DAP,40C,6,2020-07-28 18:40:20,1,18.73221603416251,0.1675178762306129,0.049378208739089664,0.0008250765203724737,0.6846980465549953,0.007440641354093472,False,4.466666666666667,0.0
DAP,40C,7,2020-07-28 18:41:14,1,18.730998589739485,0.16881118854906516,0.04900241927104579,0.0008205659001234989,0.6902184119079249,0.0075833259206215566,False,5.366666666666666,0.007610431355044023
DAP,40C,8,2020-07-28 18:42:08,1,18.75952216870246,0.17205678342724726,0.04792985024800415,0.00082080873880664,0.6854488117418058,0.00761321096632472,False,6.266666666666667,0.029331936659317104
DAP,40C,9,2020-07-28 18:43:02,1,18.581388691593787,0.17080604979678418,0.04766080334690674,0.0008161251825736192,0.6877547521312578,0.007664409698727314,False,7.166666666666667,0.0347806337256491
DAP,40C,10,2020-07-28 18:43:56,1,18.685040408758642,0.17282223357780255,0.04541950560951583,0.0007761821200424797,0.6959356118511894,0.00781184515309216,False,8.066666666666666,0.08017105582932926
DAP,40C,11,2020-07-28 18:44:48,1,18.553988637202075,0.17321920070476068,0.043866778081320355,0.0007493630771602515,0.705741465832562,0.008036647177682873,False,8.933333333333334,0.11161665841082347
DAP,40C,12,2020-07-28 18:45:42,1,18.444582048603795,0.1773531392974747,0.04189812633736253,0.0007321203974423352,0.712766320190589,0.008381123789147616,False,9.833333333333334,0.15148549517564047
DAP,40C,13,2020-07-28 18:46:36,1,18.295597723158828,0.1780864661526667,0.04011553355143737,0.0007053987131495955,0.7188993432320586,0.008581675685412616,False,10.733333333333333,0.187586294120054
DAP,40C,14,2020-07-28 18:47:30,1,18.5838881960471,0.1881614916484925,0.03650874680228753,0.0006733161777839735,0.7102978258381739,0.008699380564557858,False,11.633333333333333,0.26063039274679445
DAP,40C,15,2020-07-28 18:48:24,1,18.18748989790095,0.18746633410397362,0.03497450848219536,0.0006481196441500602,0.7238125414610688,0.009135126686384656,False,12.533333333333333,0.2917015546878635
DAP,40C,16,2020-07-28 18:49:18,1,17.90862127838282,0.18665407513937984,0.033560483014909756,0.0006174747260651444,0.7432183377291727,0.00966978710543167,False,13.433333333333334,0.32033818415243553
DAP,40C,17,2020-07-28 18:50:12,1,18.241279136275885,0.2010234652893556,0.029596548701915897,0.000586491402252772,0.7234351155117402,0.009716898201098159,False,14.333333333333334,0.400615181115589
DAP,40C,18,2020-07-28 18:51:06,1,17.93921462386364,0.20461667712679,0.028101228399369294,0.0005653255628209267,0.7439878191946412,0.010574430895933476,False,15.233333333333333,0.4308981812634427
DAP,40C,19,2020-07-28 18:52:00,1,17.794367112365332,0.2118736053787566,0.02619588219049267,0.0005459661001226481,0.7521752955152778,0.011255812451502725,False,16.133333333333333,0.46948496392589845
DAP,40C,20,2020-07-28 18:52:54,1,17.548149220653375,0.21992090028403896,0.024094998651595437,0.0005270989299861407,0.7551356379780816,0.011928167377005014,False,17.033333333333335,0.5120317389617878
DAP,40C,21,2020-07-28 18:53:48,1,17.850842525585076,0.23329795792605515,0.021390683635590033,0.0004899642181765074,0.7505630997421906,0.012295860101554831,False,17.933333333333334,0.5667991168206077
DAP,40C,22,2020-07-28 18:54:42,1,18.315468045012917,0.26497864884663785,0.018084179277509632,0.0004752919605877271,0.7121231865879767,0.012347075917249751,False,18.833333333333332,0.6337619419719147
DAP,40C,23,2020-07-28 18:55:36,1,17.80406224791491,0.2720221510932159,0.01640426079653118,0.000444354609369646,0.7377269334699279,0.013913019551323546,False,19.733333333333334,0.6677833964530806
DAP,40C,24,2020-07-28 18:56:28,1,18.3180984840605,0.30841020027008065,0.013540327123635374,0.0004185414863173475,0.700772500020481,0.013932840565076368,False,20.6,0.7257833471606608
DAP,40C,25,2020-07-28 18:57:22,1,17.91817392586921,0.3325786202551744,0.011878738112492342,0.0004031287596983066,0.7047551540023806,0.015513052930009964,False,21.5,0.7594335959965943
DAP,40C,26,2020-07-28 18:58:16,1,17.66075876982364,0.3552951597820006,0.010457780209426568,0.00038395309258901136,0.7064171183360797,0.016877055259991055,False,22.4,0.7882106200999593
DAP,40C,27,2020-07-28 18:59:10,1,17.789993966490446,0.40710643127585583,0.008335455770088358,0.00035927179392894975,0.6740120268037656,0.0175740043964932,False,23.3,0.8311916130021603
DAP,40C,28,2020-07-28 19:00:04,1,17.788888362807334,0.4644517090944967,0.0067166864697832005,0.00033890497824980186,0.6484079345834111,0.018628451166963565,False,24.2,0.8639746835436334
DAP,40C,29,2020-07-28 19:00:58,1,17.637007675730487,0.5255851793806269,0.00532605864676632,0.00030346391185272274,0.6578465068033613,0.02179432795096758,False,25.1,0.8921374674624434
DAP,40C,30,2020-07-28 19:01:52,1,17.48879167786587,0.6042786093389702,0.004226697688126816,0.00028217724977302246,0.6467290782989996,0.02441569694605083,False,26.0,0.9144015589860633
DAP,40C,31,2020-07-28 19:04:34,4,17.87726863405069,0.5408869583872534,0.0018259063664077117,0.00011742012736797886,0.5556953250200938,0.015846431862184634,False,28.7,0.9630220209879291
DAP,40C,35,2020-07-28 19:08:08,4,16.70434014625735,1.289640641387704,0.0005029030466363336,8.387346373204585e-05,0.5216272820912919,0.03385395191840735,False,32.266666666666666,0.9898152837156643
DAP,40C,39,2020-07-28 19:11:44,4,0.716292307801065,0.0,8.386636330289632e-07,0.0,4.871291115596243,0.0,True,35.86666666666667,
DAP,40C,43,2020-07-28 19:15:22,4,0.7266444337047,0.0,1.3865658219234787e-05,0.0,3.444891581606047,0.0,True,39.5,
DAP,40C,47,2020-07-28 19:18:58,4,5.824202580186246,4.05438835132961,0.00011124316668533561,0.00010120481534786361,0.9055855142962598,0.6254171650907092,False,43.1,0.9977471202474529
DAP,40C,51,2020-07-28 19:22:34,4,141.09849939226422,2.7923060729723473e-05,4.03817384122891e-08,1.0367109111288151e-07,0.19873655551534167,0.0624580018756412,True,46.7,
DAP,40C,55,2020-07-28 19:27:02,6,3.1129935021223707,171.77788259185309,1.124783701983954e-08,6.357341925803531e-06,0.11087827776496327,2.5522298732540363,True,51.166666666666664,
DAP,40C,61,2020-07-28 19:35:00,4,65.09289933599617,930.4428359354158,4.465004736897974e-08,2.4596346310214766e-06,0.18659845405599518,0.8099917817289503,True,59.13333333333333,
DAP,40C,65,2020-07-28 19:43:12,4,0.2001276734396145,0.0,1.4758363385094825e-07,0.0,4.319681761377874,0.0,True,67.33333333333333,
DAP,40C,69,2020-07-28 19:51:24,4,0.3785249515196898,0.476040816599751,0.00041119237021884674,0.000751942520012129,0.9147360515393604,1.5205729210589438,False,75.53333333333333,0.9916725944355018
DAP,40C,73,2020-07-28 19:59:36,4,3.994805436999423,2138.5904798410515,3.241338625726779e-05,0.05523374848690084,2.6791619160253357,15718.898193467487,True,83.73333333333333,
DAP,40C,77,2020-07-28 20:07:48,4,0.8136471164454336,994290.4818939851,3.1837121192835797e-05,0.3851772962252837,2.846842859135932,1609990.0185191059,True,91.93333333333334,
DAP,40C,81,2020-07-28 20:16:00,4,0.9755249568916359,0.27944164501010355,0.00014944841245940197,2.720457012007757e-05,4.999999999915444,5.959904705411829,True,100.13333333333334,
DAP,40C,85,2020-07-28 20:24:12,4,0.4862330041805446,0.56904231835585,0.0002616072066899131,0.0003677189895051214,1.1592553795788978,2.0628348797210423,False,108.33333333333333,0.9947019704973054
DAP,40C,89,2020-07-28 20:32:24,4,0.32892259711201305,0.2165930532047885,0.00022510150964308152,9.619977349304192e-05,4.998488910729567,14.954031763044489,True,116.53333333333333,
DAP,40C,93,2020-07-28 20:40:36,4,1.1157109844805093,0.34471180309022914,0.00011807182817037742,2.2308845220034215e-05,4.999999999998379,5.536690758411118,True,124.73333333333333,
DAP,40C,97,2020-07-28 20:48:50,4,1.0403755465248579,0.4124904405777865,0.0002246391150758586,7.919496433756698e-05,1.861080559282333,1.6381952843227097,False,132.96666666666667,0.9954506426860716
DAP,40C,101,2020-07-28 21:03:52,4,6.558791970883129,0.719865249665137,9.417469988902378e-05,1.3711789109604516e-05,0.8603795259616962,0.08528234105791367,False,148.0,0.9980927882502455
DAP,40C,105,2020-07-28 21:21:10,5,5.584721673552048,0.4173695351149873,0.00011654601970251683,1.0465658693418066e-05,1.0222321174387572,0.08416121799038517,False,165.3,0.9976397276718089
DAB,40C,1,2020-07-28 15:33:56,1,21.92966667947226,0.7636133367262875,0.0053885091964081915,0.0003955934707117176,0.569071997136142,0.01943255055820294,False,0.0,
DAB,40C,2,2020-07-28 15:34:50,1,20.05995584806864,0.3560268351710055,0.012552988576818889,0.00042419225987829797,0.6642925460893361,0.013297446661677165,False,0.9,
DAB,40C,3,2020-07-28 15:35:44,1,19.349490453676342,0.2818190869757146,0.017681634342917033,0.00047591726899681513,0.6945044850778215,0.011866895173609228,False,1.8,
DAB,40C,4,2020-07-28 15:36:38,1,18.925053014058655,0.2523239526410325,0.021989918664431108,0.00054172622011211,0.6949770041996476,0.010889949270290585,False,2.7,
DAB,40C,5,2020-07-28 15:37:32,1,18.650669623405143,0.2334315253276294,0.025318373220408672,0.0005780079540311247,0.7083597443883337,0.010599446050528157,False,3.6,
DAB,40C,6,2020-07-28 15:38:26,1,18.38055568211767,0.21781556209713887,0.028042402834649097,0.0006007700748856381,0.7177394572024524,0.010291815257905255,False,4.5,
DAB,40C,7,2020-07-28 15:39:20,1,18.63784378301604,0.21683555059374454,0.029306382204214998,0.0006231390893877064,0.7065435102058666,0.009829541750271183,False,5.4,
DAB,40C,8,2020-07-28 15:40:12,1,18.155729816065556,0.20629948380770802,0.03154781481037188,0.000642613809521472,0.7267432039829471,0.010113814826160483,False,6.266666666666667,
DAB,40C,9,2020-07-28 15:41:06,1,18.4041187526744,0.20733056019847163,0.031737203756968736,0.0006464434932872959,0.7177791065855216,0.009808649841819844,False,7.166666666666667,
DAB,40C,10,2020-07-28 15:42:00,1,17.791869163896184,0.19244774666887024,0.03423354875430907,0.0006483843587845213,0.7520488010914691,0.010254096797725131,False,8.066666666666666,
DAB,40C,11,2020-07-28 15:42:54,1,18.015705018462494,0.19495987486357202,0.03346048997844208,0.0006433827767698678,0.7362250022098703,0.009871240695348157,False,8.966666666666667,
DAB,40C,12,2020-07-28 15:43:48,1,17.98666607364091,0.1933830038346076,0.034208329071954736,0.0006530785207495651,0.7369275767382751,0.009829374605938053,False,9.866666666666667,
DAB,40C,13,2020-07-28 15:44:42,1,17.805075789916607,0.1906672388556431,0.03473127290044445,0.0006530461285277954,0.7490440554930432,0.010082548408915521,False,10.766666666666667,
DAB,40C,14,2020-07-28 15:45:36,1,17.650868245494372,0.18814786837449518,0.03546650040405006,0.0006607930802024807,0.7540250998574641,0.01016063794826891,False,11.666666666666666,0.0
DAB,40C,15,2020-07-28 15:46:30,1,17.758027957565538,0.19675971569662842,0.0343036544654667,0.0006772205705519604,0.7332900218079659,0.010041906724880255,False,12.566666666666666,0.03278716324801445
DAB,40C,16,2020-07-28 15:47:24,1,18.05841593781519,0.1992985806854464,0.033175300703148954,0.0006534509382105655,0.7314831141440333,0.00994964881579462,False,13.466666666666667,0.06460179817006884
DAB,40C,17,2020-07-28 15:48:18,1,17.81638899511977,0.19235203833887882,0.03373445119073174,0.0006392117744678285,0.7495152507186107,0.010170125532382137,False,14.366666666666667,0.04883620299680125
DAB,40C,18,2020-07-28 15:49:12,1,17.582940450165925,0.19338353880741044,0.03376580901721732,0.0006500842475710187,0.7523525297498419,0.010431034494489788,False,15.266666666666667,0.04795204960900323
DAB,40C,19,2020-07-28 15:50:06,1,17.535272791971323,0.1916839528953574,0.03350408482039557,0.0006348113537736967,0.7632242910490409,0.010636963302566044,False,16.166666666666668,0.05533152584263423
DAB,40C,20,2020-07-28 15:51:00,1,17.87400437775404,0.2000336414370152,0.03169204899524868,0.0006225062847147062,0.7494156090508577,0.010528075599705393,False,17.066666666666666,0.10642300102353375
DAB,40C,21,2020-07-28 15:51:54,1,17.536562593470222,0.19503106927521172,0.03146290508937748,0.0006083959726534267,0.7597219327321965,0.010722976115257165,False,17.966666666666665,0.11288385572475035
DAB,40C,22,2020-07-28 15:52:48,1,17.504988762776488,0.19857102834666682,0.030826812882734318,0.0006028893060638682,0.7691046323005108,0.011181327548743306,False,18.866666666666667,0.13081887043994678
DAB,40C,23,2020-07-28 15:53:42,1,17.338549785685878,0.19750785334692547,0.030761087222275132,0.0005986289645034921,0.7793981077811305,0.01150301136128897,False,19.766666666666666,0.1326720462455777
DAB,40C,24,2020-07-28 15:54:34,1,17.131918149298247,0.19665781813473776,0.029876822144752613,0.0005844781111502268,0.7821344041401705,0.011663608016337385,False,20.633333333333333,0.15760444914545735
DAB,40C,25,2020-07-28 15:55:28,1,17.35572832402193,0.20719895457119508,0.0282290473993234,0.0005769879910757391,0.7768667486181118,0.011977649168561207,False,21.533333333333335,0.2040644811942085
DAB,40C,26,2020-07-28 15:56:22,1,17.32436538779266,0.21154971861784577,0.027239463006117803,0.0005737944652504102,0.7683507087881859,0.012004532815233927,False,22.433333333333334,0.23196642759241004
DAB,40C,27,2020-07-28 15:57:16,1,17.252571893048533,0.20908396230866383,0.02646844247735416,0.0005466067625938711,0.7821471991998337,0.01230713125101892,False,23.333333333333332,0.25370583012662784
DAB,40C,28,2020-07-28 15:58:10,1,17.37961538382092,0.2170717577258324,0.025010281400027732,0.0005346100851813427,0.7771878357716357,0.012534381621116772,False,24.233333333333334,0.2948195870723206
DAB,40C,29,2020-07-28 15:59:04,1,17.214741227507098,0.22582214565498693,0.0240153308367509,0.0005436510412199709,0.7677987991758232,0.01287242053939754,False,25.133333333333333,0.32287283596752914
DAB,40C,30,2020-07-28 15:59:58,1,17.566532207898625,0.2364171321854394,0.02227336792626745,0.0005215491749711503,0.7586313487079889,0.01291505892773719,False,26.033333333333335,0.3719885618113039
DAB,40C,31,2020-07-28 16:00:52,1,17.706360089828074,0.2422874991995097,0.02119319551553004,0.0005061795754506664,0.7550458970665824,0.013015285355007173,False,26.933333333333334,0.40244469360980695
DAB,40C,32,2020-07-28 16:01:44,1,17.525901904448958,0.24776201148584104,0.020037850622206033,0.0004917343843211784,0.7610258418309951,0.013640708353027749,False,27.8,0.43502036022934387
DAB,40C,33,2020-07-28 16:02:38,1,17.460486248175012,0.24986440685571604,0.019254671058142436,0.00047778051686243596,0.7622008660378348,0.013845638894985416,False,28.7,0.4571025943133744
DAB,40C,34,2020-07-28 16:03:32,1,17.465521600046785,0.26393300317270846,0.01803238643235857,0.0004790722230841347,0.7469566543539297,0.01408431882588375,False,29.6,0.4915656682524172
DAB,40C,35,2020-07-28 16:04:26,1,17.499386783812664,0.27270887706306696,0.01671822832594165,0.00045888660206893234,0.7448386248811395,0.014445154722258097,False,30.5,0.5286191720220434
DAB,40C,36,2020-07-28 16:05:20,1,17.905290762210043,0.29006830801922523,0.015487892231789178,0.00044842332190267155,0.7290529840814229,0.014430823280815122,False,31.4,0.5633092621108862
DAB,40C,37,2020-07-28 16:06:14,1,17.824824054932662,0.3067372792112046,0.014470000661762489,0.0004495344686925153,0.7183111927839545,0.014910738198368929,False,32.3,0.5920093469354506
DAB,40C,38,2020-07-28 16:07:08,1,17.625394500126266,0.31156989776008703,0.01351302717466292,0.00042564701054227563,0.732000487828125,0.01585620735675602,False,33.2,0.61899180858792
DAB,40C,39,2020-07-28 16:08:02,1,17.569388015930155,0.3310439594279028,0.012383245165722817,0.0004255888531272327,0.7073192599107399,0.015857177289518555,False,34.1,0.6508467138102882
DAB,40C,40,2020-07-28 16:08:56,1,17.355909914542966,0.3334371924964456,0.011948814659695101,0.0004145992390628379,0.7175174401221616,0.016599292641211752,False,35.0,0.6630957516651229
DAB,40C,41,2020-07-28 16:09:48,1,17.38789128742929,0.3382999041273107,0.011223242081882306,0.00038676536602255923,0.7380557016098378,0.01770464077597231,False,35.86666666666667,0.683553721003703
DAB,40C,42,2020-07-28 16:10:42,1,17.3589779666437,0.3815804664184254,0.010215801376547196,0.00041259431184959244,0.6994378733493647,0.018102686172269795,False,36.766666666666666,0.711959137209359
DAB,40C,43,2020-07-28 16:11:36,1,17.42388243929526,0.37634308875230704,0.009720835207174688,0.00038426139618991134,0.7033426940830867,0.01796707888966188,False,37.666666666666664,0.7259150156787213
DAB,40C,44,2020-07-28 16:12:30,1,17.900978656066158,0.42362050306940086,0.00813821094746032,0.0003606110969677946,0.6797726528872996,0.018459814416471522,False,38.56666666666667,0.7705380893308835
DAB,40C,45,2020-07-28 16:13:24,1,17.81324841399856,0.45133892446006385,0.00765443258199715,0.0003712949227515773,0.6578362815909408,0.018588527992632036,False,39.46666666666667,0.7841785207225278
DAB,40C,46,2020-07-28 16:14:18,1,17.298345171789737,0.45990667755849934,0.007224574153370182,0.00035891843784526136,0.6814675483570882,0.02081740255880666,False,40.36666666666667,0.7962986460162509
DAB,40C,47,2020-07-28 16:15:12,1,17.033456158095348,0.4594347432901186,0.0069136467992012346,0.0003471860254457705,0.6849748888220617,0.021314231491521937,False,41.266666666666666,0.8050654358214678
DAB,40C,48,2020-07-28 16:16:06,1,16.403261446460682,0.44482279091606247,0.006879744628667527,0.0003389471461042564,0.7099037317262805,0.022895769644564648,False,42.166666666666664,0.8060213285694829
DAB,40C,49,2020-07-28 16:17:00,1,17.609652002978315,0.5468472775862823,0.005500585982411624,0.0003327550249943717,0.6401261481837415,0.0215931218881692,False,43.06666666666667,0.844907562918627
DAB,40C,50,2020-07-28 16:17:54,1,18.403684949022782,0.6340821226555424,0.004437872045691329,0.00030839051802979844,0.6071980501424751,0.021658620974637124,False,43.96666666666667,0.8748714422022718
DAB,40C,51,2020-07-28 16:18:48,1,17.593479532880984,0.6048081900892894,0.004550098519759365,0.0003060702536441965,0.6351415352404357,0.023508966785788617,False,44.86666666666667,0.8717071470846396
DAB,40C,52,2020-07-28 16:19:40,1,17.4809563270246,0.6365825263745701,0.004267538394632581,0.0003050999831461685,0.6317379254089454,0.024635564845007812,False,45.733333333333334,0.879674105253834
DAB,40C,53,2020-07-28 16:20:34,1,17.65242501252226,0.6871676566760937,0.0037498907613627993,0.0002915260609275397,0.6153142794709034,0.02502828261565244,False,46.63333333333333,0.8942695016806738
DAB,40C,54,2020-07-28 16:21:28,1,16.51901206384887,0.6858800037343842,0.0037567377715149626,0.0003076729726831811,0.6267191030907312,0.027626487527268668,False,47.53333333333333,0.8940764459781331
DAB,40C,55,2020-07-28 16:22:22,1,18.317489529174058,0.85773321301687,0.002771355739432284,0.0002716346041229173,0.571973116908373,0.026133509609047263,False,48.43333333333333,0.9218599041952329
DAB,40C,56,2020-07-28 16:23:16,1,17.35569091710513,0.8123265760906548,0.002791351867553127,0.00026105075863031143,0.6130303526439975,0.0297380321635919,False,49.333333333333336,0.9212961009472936
DAB,40C,57,2020-07-28 16:24:10,1,16.61886086323569,0.7965529534397088,0.002838530855895619,0.0002709778478156916,0.6160716935669672,0.030745736901756936,False,50.233333333333334,0.9199658600775994
DAB,40C,58,2020-07-28 16:25:04,1,16.20510784935906,0.830769327777086,0.002729651755785989,0.00028070191460972764,0.6093499723248061,0.03219471341998197,False,51.13333333333333,0.9230357739080939
DAB,40C,59,2020-07-28 16:25:58,1,17.099710152895682,0.911821677338224,0.0023868653541667608,0.000257419702590776,0.6009226136117596,0.03253749217497357,False,52.03333333333333,0.932700849337416
DAB,40C,60,2020-07-28 16:26:52,1,18.729449770291005,1.160112631055497,0.0016826692417728762,0.0002211013187121127,0.5565177952262652,0.03245672408782314,False,52.93333333333333,0.9525560959608881
DAB,40C,61,2020-07-28 16:28:54,1,17.343320110666337,0.5765584865934947,0.0016673841708328852,0.00011723463939551804,0.5589481940835884,0.01755737422724558,False,54.96666666666667,0.9529870680265234
DAB,40C,62,2020-07-28 16:30:58,1,17.21615364543878,0.6255950174413788,0.001437081539758144,0.00011008644649477064,0.5600505760486544,0.019172552745793135,False,57.03333333333333,0.9594805937043047
DAB,40C,63,2020-07-28 16:33:00,1,17.247362094140815,0.7225118399981377,0.0011542303120222815,0.0001001005107785201,0.5725348413446749,0.02284443186714903,False,59.06666666666667,0.9674557596923075
DAB,40C,64,2020-07-28 16:35:04,1,16.086146995468802,0.7187240872488971,0.0010975193431697404,0.00010004620575644264,0.5843527037133635,0.025256289068435155,False,61.13333333333333,0.9690547606708777
DAB,40C,65,2020-07-28 16:39:10,2,16.30998261504952,0.6362643125499374,0.0008113421310710893,6.60932659850082e-05,0.5593677901836673,0.02004147594034871,False,65.23333333333333,0.977123704853089
DAB,40C,67,2020-07-28 16:43:16,2,16.993164447869706,0.9226640611730843,0.000504971979730753,5.9806808471131014e-05,0.5142545050635133,0.023205964720917974,False,69.33333333333333,0.9857620014949914
DAB,40C,69,2020-07-28 16:47:20,2,14.896359270518829,0.908753619752445,0.00048792704923229227,6.0848311770990376e-05,0.5651166323821956,0.030889024350124132,False,73.4,0.9862425938935725
DAB,40C,71,2020-07-28 16:51:26,2,16.331832125077508,1.3616741806043862,0.00029999105590024504,5.4807823523286096e-05,0.49630878945641854,0.032008903413933996,False,77.5,0.9915415659148037
DAB,40C,73,2020-07-28 16:55:32,2,15.204399833052548,1.3932448664826376,0.0002894388010791735,5.562510061757603e-05,0.527646665373306,0.0390660581949194,False,81.6,0.9918390932913662
DAB,40C,75,2020-07-28 16:59:38,2,9.24073523288561,0.9831932552760843,0.0003737435357961737,6.925831220530416e-05,0.7016412735358526,0.0780094447243517,False,85.7,0.9894620689513112
DAB,40C,77,2020-07-28 17:03:44,2,11.780359755347607,1.1792764349047722,0.0002916461122652813,5.082703733694667e-05,0.6891691460415756,0.06888833717899036,False,89.8,0.991776856781957
DAB,40C,79,2020-07-28 17:07:50,2,7.796061959047609,1.4299859769883672,0.00025067776060976667,8.152557650577387e-05,0.6629549101998229,0.11523411540480996,False,93.9,0.992931984894085
DAB,40C,81,2020-07-28 17:11:56,2,12.557323129606816,1.783048174533281,0.00019772734262492986,5.148023979216237e-05,0.6185422455173208,0.07609677859282162,False,98.0,0.9944249548060189
DAB,40C,83,2020-07-28 17:16:02,2,14.339380222019784,2.3843908420069138,0.00015292854276868174,4.957721871911562e-05,0.5537845453710658,0.0707411984972236,False,102.1,0.9956880847834871
DAB,40C,85,2020-07-28 17:20:08,2,10.219217179572789,1.8690675409649484,0.00018464630869543524,5.8313021532477524e-05,0.6675961028890535,0.1106334207465952,False,106.2,0.9947937826796593
DAB,40C,87,2020-07-28 17:24:14,2,10.291581189171074,1.6866391347428173,0.00020129565956144066,5.5505084838793025e-05,0.698474662025007,0.10900496928345442,False,110.3,0.9943243438944303
DAB,40C,89,2020-07-28 17:28:20,2,6.708415099980246,0.9440307197856214,0.00027589830480692905,5.321200855508858e-05,0.9629747939301995,0.17726360702092916,False,114.4,0.9922208759910401
DAB,40C,91,2020-07-28 17:32:26,2,8.692979846615083,2.068694850268057,0.0001707206781968442,6.981569285212843e-05,0.6662009374552856,0.14133847889246906,False,118.5,0.9951864244779745
DAB,40C,93,2020-07-28 17:36:32,2,12.833066789918146,3.397909746834181,0.00011042608323358015,5.466276442592306e-05,0.5648329168846662,0.10959437345461791,False,122.6,0.9968864680198058
DAB,40C,95,2020-07-28 17:40:38,2,4.166009900080494,2.66002454247439,0.00013432609089301717,0.00014995697344959372,0.6324730088652865,0.3308988470241111,False,126.7,0.9962125924643618
DAB,40C,97,2020-07-28 17:44:44,2,5.356524393327158,2.313045989400987,0.00014454691854404875,9.914130982151261e-05,0.7266808745936252,0.28745320149708925,False,130.8,0.9959244098826412
DAB,40C,99,2020-07-28 17:48:50,2,1.7468273426279701,0.4806891176809953,0.00027909417926111585,6.929635637009403e-05,1.9013133387554115,1.2188527702177752,False,134.9,0.9921307663264898
DAB,40C,101,2020-07-28 17:57:30,2,11.135764343077357,0.8703987237079595,0.00011750414204885905,1.5391654793522597e-05,0.6576366694719052,0.041925299134093576,False,143.56666666666666,0.9966868977567508
DAB,40C,103,2020-07-28 18:06:10,2,9.768372059501447,0.7127243022989758,0.00013858946327784325,1.6027043302900935e-05,0.7246393028982019,0.04785824056984108,False,152.23333333333332,0.9960923840328487
DAB,40C,105,2020-07-28 18:14:48,2,9.990173598741048,0.7267623191437402,0.00012633215041224003,1.4533095238599318e-05,0.7175517365652785,0.04587754724499849,False,160.86666666666667,0.9964379865796453
DAB,40C,107,2020-07-28 18:23:28,3,9.94889523121095,0.6276721661518662,0.0001246450375894581,1.2056306583367215e-05,0.74633182054047,0.042348756041801175,False,169.53333333333333,0.9964855557732101
DAP2,25C,1,2026-03-11 09:47:26,1,16847.998635272066,118.59497395400051,0.022814829033347087,0.00032525661867976395,0.6107612348069618,0.004883718352773139,False,0.0,
DAP2,25C,2,2026-03-11 09:49:02,1,16696.638064711577,112.6752657347988,0.02526713019325304,0.00034108340570154175,0.6214211541288058,0.004889394452749122,False,1.6,0.0
DAP2,25C,3,2026-03-11 09:50:36,1,16770.744478293353,110.80454344337706,0.02485359985403502,0.00033001043945300615,0.6174130526176481,0.00472888637600275,False,3.1666666666666665,0.016366335870167115
DAP2,25C,4,2026-03-11 09:52:12,1,16742.23005519145,115.0105031899111,0.023776380474448005,0.00032585953652467973,0.6237442245113116,0.004946699342569327,False,4.766666666666667,0.058999566132093006
DAP2,25C,5,2026-03-11 09:53:46,1,16690.600950429973,117.51338108630816,0.02244251057680408,0.0003153334214135092,0.6234357649262638,0.00501642936884503,False,6.333333333333333,0.11179028226969778
DAP2,25C,6,2026-03-11 09:55:22,1,16566.530825552534,113.46966057175796,0.021721869830045905,0.0002921461165369123,0.6377095815663244,0.005020070204239758,False,7.933333333333334,0.1403111606300984
DAP2,25C,7,2026-03-11 09:56:56,1,16683.017142067314,119.45190690329645,0.020118068604710618,0.00028501922880555736,0.6306745259782994,0.005106266743192504,False,9.5,0.20378497871188206
DAP2,25C,8,2026-03-11 09:58:30,1,16411.47278544932,117.24256292263814,0.019708484767115887,0.0002728987161304724,0.6493014525453967,0.005316107121979654,False,11.066666666666666,0.21999512345179006
DAP2,25C,9,2026-03-11 10:00:06,1,16433.243029342182,120.62162487372623,0.01856075720742174,0.00026559528497093225,0.6437811305112866,0.0053543449313131816,False,12.666666666666666,0.26541886373871104
DAP2,25C,10,2026-03-11 10:01:40,1,16511.96662935821,122.13933261832551,0.017477151928337008,0.0002512073054137407,0.6465515148682943,0.005402606363480432,False,14.233333333333333,0.3083048294497708
DAP2,25C,11,2026-03-11 10:03:16,1,16581.53560159441,126.71138336838598,0.016269353781712063,0.00024097387373406742,0.6486030458657102,0.005579091123192533,False,15.833333333333334,0.3561059899847119
DAP2,25C,12,2026-03-11 10:04:50,1,16571.702531102066,131.7446797449584,0.015428680142945038,0.0002377427757033398,0.6483793634694093,0.005780500626377787,False,17.4,0.38937742335831693
DAP2,25C,13,2026-03-11 10:06:26,1,16574.50193621513,130.80132820345153,0.014626808177654542,0.00022362520885543322,0.6486221116207389,0.005724425622917368,False,19.0,0.42111319861880203
DAP2,25C,14,2026-03-11 10:08:00,1,16251.052768153128,128.46049202631215,0.014348848751535193,0.00021558418923229688,0.6666854102205436,0.006008908816607399,False,20.566666666666666,0.43211402950040223
DAP2,25C,15,2026-03-11 10:09:36,1,16585.28128406911,137.1753909693704,0.013030675853210072,0.00020689440806781243,0.6568288480379766,0.006103175788729873,False,22.166666666666668,0.4842835037637321
DAP2,25C,16,2026-03-11 10:11:10,1,16611.226596800105,137.24628120880314,0.012418283597550714,0.00019458365480614994,0.6683893491269366,0.006281652822358061,False,23.733333333333334,0.5085202196462062
DAP2,25C,17,2026-03-11 10:12:46,1,16557.506616368188,142.20744890626818,0.011688878288664595,0.00019234240947379268,0.6583554925070747,0.006345549355261203,False,25.333333333333332,0.5373879740491534
DAP2,25C,18,2026-03-11 10:14:20,1,16362.446055981281,141.83774130266772,0.011339388810180526,0.00018525445683217038,0.6742375843697532,0.006683945990255836,False,26.9,0.5512197577068556
DAP2,25C,19,2026-03-11 10:15:56,1,16281.265261912407,146.44232605696982,0.010642812385528548,0.0001805082642848667,0.6735538438887564,0.006916391155293,False,28.5,0.5787882397356527
DAP2,25C,20,2026-03-11 10:17:30,1,16042.30980879939,149.2559265991095,0.010300753991333227,0.00017892556032877277,0.6833333609675403,0.007343450246061275,False,30.066666666666666,0.5923259225504056
DAP2,25C,21,2026-03-11 10:19:04,1,16175.693800035897,154.17220516838213,0.009613058431849225,0.0001703509654010409,0.6873027379123385,0.00759869661408078,False,31.633333333333333,0.6195429255984064
DAP2,25C,22,2026-03-11 10:20:40,1,16379.735092339533,164.90323239134548,0.008810377558917986,0.0001672242610321891,0.6732283389560866,0.007719730004215263,False,33.233333333333334,0.6513107150858557
DAP2,25C,23,2026-03-11 10:22:14,1,15931.859820853959,160.00883418106523,0.008670478432247037,0.000160367887782534,0.6966735855560946,0.008203482518567411,False,34.8,0.6568475182606106
DAP2,25C,24,2026-03-11 10:23:50,1,15886.071844908243,164.09693940716645,0.008096131722316924,0.00015516372754673094,0.6889463408856961,0.008260814144423392,False,36.4,0.6795785013812612
DAP2,25C,25,2026-03-11 10:25:24,1,16153.47479332942,176.79773291248048,0.007377481402028446,0.00015130071839403593,0.6787769455544853,0.008508901874104483,False,37.96666666666667,0.708020604413618
DAP2,25C,26,2026-03-11 10:27:00,1,16008.449586322271,177.55369862698134,0.007090824187524296,0.00014598378915222705,0.6880808397056372,0.008840312985964615,False,39.56666666666667,0.7193656686259635
DAP2,25C,27,2026-03-11 10:28:34,1,16474.142483502856,202.43801512315426,0.006151288038245843,0.00014460170931832194,0.6578730299454678,0.009000370243417743,False,41.13333333333333,0.7565497944880027
DAP2,25C,28,2026-03-11 10:30:10,1,15975.99297800017,193.06118537998228,0.006083466661883482,0.0001364178144417486,0.6878602212216058,0.009613786174828836,False,42.733333333333334,0.7592339685846903
DAP2,25C,29,2026-03-11 10:31:44,1,16032.826939324537,209.5967911728742,0.005585272505119506,0.00013782512995881105,0.6705469001932989,0.009911605406271116,False,44.3,0.7789510537049074
DAP2,25C,30,2026-03-11 10:33:18,1,15909.31262656682,204.54761133514924,0.005343361484573772,0.00012850066465888572,0.6793880813801083,0.009983501964880353,False,45.86666666666667,0.7885251928610165
DAP2,25C,31,2026-03-11 10:34:54,1,15934.845420519907,217.7084263307822,0.004858362159101968,0.00012408506122102344,0.6795338575029156,0.010602262081677622,False,47.46666666666667,0.8077200646870742
DAP2,25C,32,2026-03-11 10:42:48,9,16110.90454805273,101.22443833577113,0.0031332796057112634,3.821278179971986e-05,0.6406357629367797,0.00434273800637656,False,55.36666666666667,0.875993847273248
DAP2,25C,41,2026-03-11 11:02:06,14,16473.74112721405,138.6280416588507,0.0009281149008360346,1.6505016778354112e-05,0.551857789179845,0.004244842943922303,False,74.66666666666667,0.9632678941479526
DAP2,25C,55,2026-03-11 11:34:30,26,19441.72879727306,763.193133101688,7.130723252943086e-05,6.477622138462786e-06,0.408733276735956,0.009149078977187149,False,107.06666666666666,0.9971778657891084
DAP2,25C,81,2026-03-11 12:07:04,14,9516.715744140063,1363.9240033721426,5.423281133694926e-05,1.2540502804424637e-05,0.6112663673056935,0.055575815927272024,False,139.63333333333333,0.9978536220408826
DAP2,25C,95,2026-03-11 12:39:54,26,3566.892704256306,311.4697870668949,0.00011882959782169575,1.2881571259732703e-05,0.9819303339237446,0.09230970764946349,False,172.46666666666667,0.9952970678936294
DAP2,25C,121,2026-03-11 13:12:48,14,2669.6949643542066,217.70464567125507,0.00014684757299383426,1.3192121986385042e-05,1.204016728281987,0.1341015984894804,False,205.36666666666667,0.9941881973983319
DAP2,25C,135,2026-03-11 13:35:54,14,2580.4525689499924,216.26970362727965,0.00015233987538690495,1.4403958585004775e-05,1.172083408057183,0.13267517993486586,False,228.46666666666667,0.993970827940421
DAP2,25C,149,2026-03-11 13:59:02,14,2615.712262475879,252.31161757071723,0.00014161163744209434,1.661898736752794e-05,1.0416369825677447,0.12019121881128711,False,251.6,0.9943954205974722
DAP2,25C,163,2026-03-11 14:22:08,14,2047.9000622952146,168.0073358934932,0.00016832360974393395,1.4683820424807971e-05,1.299134603553181,0.16220123999123276,False,274.7,0.9933382379218958
DAP2,25C,177,2026-03-11 14:45:16,14,2018.1947298643013,131.11135653432154,0.0001666406444967942,1.0011368889291961e-05,1.6064614045633132,0.19133346612947363,False,297.8333333333333,0.9934048448232047
DAP2,25C,191,2026-03-11 15:08:22,14,2113.3359063110697,132.08737794891428,0.00016421528671223368,9.264418926020667e-06,1.6659443810425034,0.19640531669865957,False,320.93333333333334,0.9935008334758934
DAP2,25C,205,2026-03-11 15:31:30,14,2316.2407934740863,164.9859358431826,0.00015935183485259657,1.1436162456845236e-05,1.3920654885908763,0.1578576893689407,False,344.06666666666666,0.9936933148468461
DAP2,25C,219,2026-03-11 15:54:38,14,2400.9453717103015,198.53747137429608,0.00015296270743731216,1.4172900064090942e-05,1.184271375718101,0.1336108990186434,False,367.2,0.9939461780476297
DAP2,25C,233,2026-03-11 16:17:46,14,2385.149977159647,193.83650184528946,0.00014678335354078917,1.2420919641653111e-05,1.3046672412339053,0.15523888495880633,False,390.3333333333333,0.994190739018712
DAP2,25C,247,2026-03-11 16:40:54,14,2034.628171517267,132.72797425388706,0.00016514402737067866,1.0199031608111065e-05,1.543599705311493,0.17768440016218387,False,413.46666666666664,0.9934640766043634
DAP2,25C,261,2026-03-11 17:04:02,14,2137.743122093253,175.85754298417882,0.0001587796918943022,1.3487285210205606e-05,1.3414072886351762,0.16980007775608316,False,436.6,0.993715958611845
DAP2,25C,275,2026-03-11 17:27:08,14,2024.1536496048973,138.21950253143663,0.00015849728748721308,9.984599835717542e-06,1.5927671394043676,0.19505500577632637,False,459.7,0.993727135362229
DAP2,25C,289,2026-03-11 17:50:16,14,2165.5624034076945,143.81094266170663,0.0001584737922597121,1.0224680286675329e-05,1.4688338488081338,0.16264382947722372,False,482.8333333333333,0.9937280652354405
DAP2,25C,303,2026-03-11 18:42:02,18,2099.5273265718943,134.3793693051615,0.00016276802987369042,1.0529299338444943e-05,1.3915684898512726,0.1426547789643232,False,534.6,0.9935581117195037
DAP2,33C,1,2026-03-12 08:53:18,1,17501.827895758775,110.94140517648086,0.021911110540395195,0.00027022497785373695,0.6460791734709618,0.0047437254013239435,False,0.0,
DAP2,33C,2,2026-03-12 08:54:52,1,16908.23960741106,96.75880341390291,0.02731043052631072,0.0002948425364480069,0.6745207580368598,0.004726341525168554,False,1.5666666666666667,
DAP2,33C,3,2026-03-12 08:56:28,1,16754.919414508262,92.39135716548361,0.028730363440015564,0.00029667688738348506,0.681307787628022,0.004663487117319865,False,3.1666666666666665,
DAP2,33C,4,2026-03-12 08:58:02,1,16641.890889162885,91.76312391350766,0.029246472378344084,0.000298149548675466,0.6937069791392059,0.004801993705321632,False,4.733333333333333,0.0
DAP2,33C,5,2026-03-12 08:59:36,1,16783.863937294806,93.78146846474216,0.02858596570905085,0.0002973410151230662,0.6871351724688645,0.00477948923627022,False,6.3,0.02258414829483213
DAP2,33C,6,2026-03-12 09:01:12,1,16584.8446571987,92.51578859562298,0.028468055179405857,0.0002934412003935572,0.6944804692925118,0.004842488470495838,False,7.9,0.026615763736163145
DAP2,33C,7,2026-03-12 09:02:46,1,16597.767202674448,95.24472483367583,0.02752290211763926,0.0002928671884091859,0.6912421200728491,0.004918883283280961,False,9.466666666666667,0.058932586412748456
DAP2,33C,8,2026-03-12 09:04:22,1,16651.989031115572,93.10279973555393,0.026712822758257905,0.0002767379645232007,0.6921731274676842,0.0047789792232943665,False,11.066666666666666,0.08663094773652946
DAP2,33C,9,2026-03-12 09:06:04,1,16543.95949628198,94.03671996792555,0.026479297988962563,0.00027586783678440344,0.7030644416204779,0.004967412769894193,False,12.766666666666667,0.09461566350923434
DAP2,33C,10,2026-03-12 09:08:56,1,16626.727838044142,95.9549920232701,0.02445051716094787,0.00025797473299709527,0.7059392879874392,0.005021599678431882,False,15.633333333333333,0.16398405781571923
DAP2,33C,11,2026-03-12 09:11:44,1,16402.497695605016,96.10391717510802,0.023045227264781594,0.00024281997108216555,0.7229953852817441,0.005263396966099574,False,18.433333333333334,0.21203395176487272
DAP2,33C,12,2026-03-12 09:14:32,1,16636.874928204757,101.23279709958085,0.020323633818539175,0.0002252577784105671,0.709792697293075,0.005248011671600799,False,21.233333333333334,0.30509110447152377
DAP2,33C,13,2026-03-12 09:17:04,1,16568.212498186163,103.46271636136478,0.018572226482831414,0.00020905037468759214,0.7205070066955009,0.005495623353715569,False,23.766666666666666,0.36497550054674455
DAP2,33C,14,2026-03-12 09:19:52,1,16365.548986157764,106.76908095272871,0.016543824429633962,0.00019276967963921177,0.7299734060457733,0.005849974796401846,False,26.566666666666666,0.43433094372489023
DAP2,33C,15,2026-03-12 09:22:02,1,16528.675745602555,117.05836725420558,0.014422311430343763,0.0001844186163608477,0.7182819357413983,0.006150113496298518,False,28.733333333333334,0.5068700510690327
DAP2,33C,16,2026-03-12 09:24:52,1,16431.174523160218,129.44733963245918,0.012137309011645489,0.00017330894677027126,0.7139014309304623,0.006749467664982289,False,31.566666666666666,0.5849992144477325
DAP2,33C,17,2026-03-12 09:26:54,1,16433.749150068306,142.07074751503743,0.010527863912212061,0.00016801089994427355,0.6947597903184971,0.007036298811620757,False,33.6,0.6400296153320854
DAP2,33C,18,2026-03-12 09:29:44,1,16349.778698022277,167.55990771741054,0.008087107002832676,0.0001575817423530227,0.664700692109965,0.00766967757223589,False,36.43333333333333,0.7234843608413821
DAP2,33C,19,2026-03-12 09:31:46,1,16089.422285348084,178.88439161231395,0.007077390902453208,0.00015170320517333242,0.6508785469092208,0.007993296283946962,False,38.46666666666667,0.7580087331252383
DAP2,33C,20,2026-03-12 09:34:36,1,15951.468833793817,225.28427222621798,0.005217601105115328,0.00014822108104455304,0.6103327397467112,0.008981172807031307,False,41.3,0.8215989594362578
DAP2,33C,21,2026-03-12 09:44:32,9,14943.152265755476,99.383705774927,0.002135976825260627,3.186207121263908e-05,0.5137926311704796,0.003025082382894791,False,51.233333333333334,0.9269663432352191
DAP2,33C,30,2026-03-12 10:07:22,11,16999.390196342134,755.1116274732913,0.00010151641735466749,1.1823614596879073e-05,0.3564659755230792,0.008747540924799008,False,74.06666666666666,0.9965289346338454
DAP2,33C,41,2026-03-12 10:32:32,9,7030.090128143126,1233.1556988300695,6.596699818143586e-05,1.9637987591974432e-05,0.5943404583555442,0.06934723084077642,False,99.23333333333333,0.9977444459855513
DAP2,33C,50,2026-03-12 10:54:24,11,2571.374735991073,271.1512425558846,0.00014226377283790565,1.6280733323004358e-05,1.2223876753980945,0.1764663046604777,False,121.1,0.995135694623354
DAP2,33C,61,2026-03-12 11:10:52,9,2256.131438591435,188.44852906067007,0.0001559092145631639,1.3258003805579498e-05,1.3646639361482484,0.1770884319412965,False,137.56666666666666,0.9946691275260052
DAP2,33C,70,2026-03-12 11:25:44,9,2098.8179177871084,185.11076634264225,0.00016385435474855744,1.4695772996964175e-05,1.3807359941861945,0.1940761992850265,False,152.43333333333334,0.9943974660386774
DAP2,33C,79,2026-03-12 11:40:36,9,2090.329040550343,163.86113299157398,0.00016301432098787922,1.2873319983307687e-05,1.398812223146572,0.1765194839878254,False,167.3,0.9944261886056185
DAP2,33C,88,2026-03-12 11:55:26,9,1878.3946927035101,200.58447168810548,0.00016187448223365408,1.8888177706455785e-05,1.2399875800265698,0.1912640578829338,False,182.13333333333333,0.9944651621522219
DAP2,33C,97,2026-03-12 12:10:18,9,2187.495450455461,183.06277671528676,0.000154644844672245,1.2644113051490805e-05,1.4485821238490104,0.1981270066235122,False,197.0,0.9947123590608913
DAP2,33C,106,2026-03-12 12:25:10,9,2286.037836257235,179.3324247425694,0.00015443716665166537,1.1408142056556774e-05,1.532262100639439,0.20653731763571256,False,211.86666666666667,0.9947194600205521
DAP2,33C,115,2026-03-12 12:40:02,9,2085.9682968952056,126.45697645266128,0.00017121581309394594,9.116162299686406e-06,1.7672347652036935,0.2153127441320964,False,226.73333333333332,0.9941457618929548
DAP2,33C,124,2026-03-12 12:54:52,9,1977.341927603069,129.0694367873589,0.00016211597361624698,8.89937843365689e-06,1.8814804045302942,0.25721436906743006,False,241.56666666666666,0.9944569050407499
DAP2,33C,133,2026-03-12 13:09:44,9,2041.376854497926,138.11925508870806,0.00015920588653441336,9.310259687889757e-06,1.7791916597095372,0.23874944250115926,False,256.43333333333334,0.9945564071975976
DAP2,33C,142,2026-03-12 13:24:36,9,1365.2527297313009,117.10699348432935,0.0001655187922288451,1.2223195241515542e-05,1.8135933256666834,0.317120775917934,False,271.3,0.9943405553296265
DAP2,33C,151,2026-03-12 13:39:28,9,2066.0362993107474,194.2787605453523,0.00015279248938746315,1.4770668519328514e-05,1.3398091376749093,0.19134198046805367,False,286.1666666666667,0.9947756950851755
DAP2,33C,160,2026-03-12 13:54:20,9,1841.0839975356214,132.9635586392848,0.00016131621633224682,1.000613297721899e-05,1.8067919876642131,0.2633183741483868,False,301.03333333333336,0.9944842504680429
DAP2,33C,169,2026-03-12 14:09:12,9,1815.2263468262195,134.02105057045486,0.00016207692959444627,1.043316805712752e-05,1.7616144135352392,0.25694237545092113,False,315.9,0.9944582400401062
DAP2,33C,178,2026-03-12 14:24:04,9,2313.713177439966,161.57452812373188,0.00015720712355736413,1.006370543048086e-05,1.6058040471043638,0.20209840156422712,False,330.76666666666665,0.9946247492168057
DAP2,33C,187,2026-03-12 14:43:52,14,2031.7085018110865,128.38341674730484,0.00016626167988802455,9.762695423198442e-06,1.5929912793057268,0.18304653940873997,False,350.56666666666666,0.9943151543975219
DAP2,40C,1,2026-03-13 10:48:34,1,18528.912194496243,130.73740964437698,0.015372474135138807,0.00020682542681293447,0.6638212986517664,0.005339954560565757,False,0.0,
DAP2,40C,2,2026-03-13 10:50:14,1,17566.603474988144,102.46483926700441,0.023854980937894666,0.0002538555938583479,0.7081163370782841,0.005085409884778636,False,1.6666666666666667,
DAP2,40C,3,2026-03-13 10:51:56,1,17429.330572182258,88.31334289160434,0.03229057404640671,0.00029852264231371265,0.7057462112184755,0.0046107034704474265,False,3.3666666666666667,
DAP2,40C,4,2026-03-13 10:53:38,1,17516.055074227213,79.4763860579165,0.045517880136514206,0.0003696381891556001,0.7146418084004045,0.004586042816860018,False,5.066666666666666,
DAP2,40C,5,2026-03-13 10:55:20,1,17438.785066723212,75.78166779373073,0.047375636526145015,0.0003665255684178337,0.7179032299414573,0.004473838376337217,False,6.766666666666667,0.0
DAP2,40C,6,2026-03-13 10:57:02,1,17323.57662119943,76.255016398405,0.04614409089801916,0.0003600049259521215,0.7241243363769518,0.004545159092796237,False,8.466666666666667,0.02599533681085653
DAP2,40C,7,2026-03-13 10:58:42,1,17351.385035093746,78.3185085981477,0.04376807642990739,0.0003510345040185777,0.7241675127620134,0.004587744655186179,False,10.133333333333333,0.07614800266053912
DAP2,40C,8,2026-03-13 11:00:24,1,17489.276017579323,79.25860478446899,0.04000181279268669,0.0003235895938716465,0.7230919340291742,0.0044837124412915865,False,11.833333333333334,0.1556459031297439
DAP2,40C,9,2026-03-13 11:02:06,1,17330.128519818514,80.81289709204901,0.03721405204219298,0.0003084011746492135,0.7300203757560958,0.004590639470550551,False,13.533333333333333,0.21448966661047808
DAP2,40C,10,2026-03-13 11:03:48,1,17398.362643117922,85.14488416285162,0.033241759508352946,0.000290567344612622,0.7272530424960062,0.004675662930494104,False,15.233333333333333,0.29833640356456337
DAP2,40C,11,2026-03-13 11:05:28,1,17410.474298554942,88.98434519917238,0.029689307998076706,0.0002711073863501882,0.7285209680077683,0.004796600349040706,False,16.9,0.37332117993407476
DAP2,40C,12,2026-03-13 11:07:10,1,17315.13945020525,91.26153099265574,0.026476297925173108,0.00024825725895290636,0.7339177442383329,0.004922243616214849,False,18.6,0.44114106180796675
DAP2,40C,13,2026-03-13 11:08:50,1,17255.214340554456,97.42684385674148,0.023442616293165526,0.00023436531649456436,0.7393693920862103,0.005269941589069682,False,20.266666666666666,0.5051756976346199
DAP2,40C,14,2026-03-13 11:10:32,1,17291.20129068888,101.35984455049913,0.020171153981155696,0.00020975580653733602,0.7374400285559713,0.005392034188856632,False,21.966666666666665,0.5742293832817651
DAP2,40C,15,2026-03-13 11:12:12,1,17561.93573251955,112.69380180726864,0.016530435989109287,0.00019123390860676027,0.7201290495459497,0.005616605520497526,False,23.633333333333333,0.6510772793525065
DAP2,40C,16,2026-03-13 11:13:52,1,17528.854525281444,123.85619837493695,0.013721142452999855,0.0001754921318564798,0.7155405975783977,0.006088456237180667,False,25.3,0.7103755546286408
DAP2,40C,17,2026-03-13 11:15:34,1,17465.223956184484,143.26543888427847,0.011093478678583379,0.0001673969092585318,0.6984365456835097,0.006744869487778736,False,27.0,0.7658400078179158
DAP2,40C,18,2026-03-13 11:17:16,1,17348.691576943205,159.10988036128842,0.008916845518385359,0.00015116046413194545,0.693010489095333,0.0074200351766255356,False,28.7,0.8117841537925417
DAP2,40C,19,2026-03-13 11:18:56,1,17783.49003991674,192.03631565687323,0.0065113337510118,0.00013336247679102936,0.6663984235295716,0.008104887117082698,False,30.366666666666667,0.8625594455618889
DAP2,40C,20,2026-03-13 11:20:38,1,17600.076138447155,234.9396629002916,0.004890287171053428,0.0001246120760212972,0.6590410228209657,0.00978666221564348,False,32.06666666666667,0.8967763278841723
DAP2,40C,21,2026-03-13 11:22:18,1,17567.65315860119,203.49503838596567,0.0034493884443329765,7.79406327052014e-05,0.6366307977295329,0.007927345727504632,False,33.733333333333334,0.9271906680888736
DAP2,40C,22,2026-03-13 11:29:00,7,19224.83374734365,293.238301345679,0.0005339607089767596,1.9309035193489515e-05,0.45481690783660866,0.0052318658143732455,False,40.43333333333333,0.9887292129852
DAP2,40C,29,2026-03-13 11:45:48,12,8260.777691899493,1646.2303432212466,6.122911297452982e-05,2.0818606779476283e-05,0.5837550641998761,0.07523259257307209,False,57.233333333333334,0.9987075822624412
DAP2,40C,41,2026-03-13 12:00:54,7,2636.031193825784,288.1073805558962,0.00015694029712209936,1.7858625816826262e-05,1.322263248649624,0.2187840205307011,False,72.33333333333333,0.9966873205590496
DAP2,40C,48,2026-03-13 12:17:38,13,2059.459836140707,208.53815205955812,0.00015586897570491582,1.6527339286277766e-05,1.3094694019813222,0.19859653600285346,False,89.06666666666666,0.9967099338999087
DAP2,40C,61,2026-03-13 12:34:24,7,2708.444188852706,174.46212088816364,0.0001624225159356182,9.410006119441943e-06,1.6710172487523538,0.20296237540940018,False,105.83333333333333,0.9965716024554946
DAP2,40C,68,2026-03-13 12:46:08,7,2503.6945961394126,185.2675271106124,0.00015867050705010362,1.0715334830056996e-05,1.6212574316204131,0.21868453472182356,False,117.56666666666666,0.9966507994681498
DAP2,40C,75,2026-03-13 12:57:52,7,2305.517699835127,190.98361778406235,0.00016278089345330704,1.2823017832593811e-05,1.527639879404535,0.22031532201708953,False,129.3,0.9965640378601884
DAP2,40C,82,2026-03-13 13:09:36,7,2749.2427789234002,215.76428045446892,0.00015740122977030068,1.2387214316651794e-05,1.3983940610617438,0.17476441654999603,False,141.03333333333333,0.9966775912407333
DAP2,40C,89,2026-03-13 13:21:18,7,2491.896730826202,186.91453108622224,0.00016343990061314933,1.1764081551807922e-05,1.5075543977466836,0.19477822339774256,False,152.73333333333332,0.9965501276057167
DAP2,40C,96,2026-03-13 13:33:02,7,2643.8373005937165,243.00850875187683,0.00014626029652202435,1.3911368289979725e-05,1.315463763186876,0.1781012598267656,False,164.46666666666667,0.9969127528990285
DAP2,40C,103,2026-03-13 13:44:44,7,2598.460168566073,196.34458548557063,0.0001596654890903304,1.1295301497618397e-05,1.5585850575223152,0.20757969906098972,False,176.16666666666666,0.9966297974909062
DAP2,40C,110,2026-03-13 13:56:28,7,2883.54958916536,263.28728602082373,0.00015302227378501481,1.5275789560070067e-05,1.2263848990945356,0.1574656034697972,False,187.9,0.9967700217874526
DAP2,40C,117,2026-03-13 14:08:10,7,2754.9384732727917,225.9131079015795,0.00015482134418571224,1.299824586460642e-05,1.3514869633922308,0.1703267975843555,False,199.6,0.9967320471968694
DAP2,40C,124,2026-03-13 14:19:54,7,2580.1647790977336,296.3809204154987,0.0001467242103262974,1.908212431527886e-05,1.1583555622437691,0.17579936718476022,False,211.33333333333334,0.9969029606547803
DAP2,40C,131,2026-03-13 14:31:36,7,2619.861113519383,176.0337832797591,0.00016430550952807596,1.0007873191637727e-05,1.6542922730750067,0.20838699923013715,False,223.03333333333333,0.9965318564229232
DAP2,40C,138,2026-03-13 14:43:20,7,2417.7676694499382,157.40633393194756,0.00016165515180462307,9.029129232869582e-06,1.8116147355337842,0.2387049835019036,False,234.76666666666668,0.9965877998976244
DAP2,40C,145,2026-03-13 14:55:04,7,2343.813289173843,185.11839424184438,0.00016421154601512574,1.1698704247620703e-05,1.6678945764702802,0.2487405270596384,False,246.5,0.996533839794965
DAP2,40C,152,2026-03-13 15:08:28,9,2495.4205639876186,190.5969862229445,0.00016770364840095297,1.2790392604879816e-05,1.4258252225378794,0.17979493074721428,False,259.9,0.9964601288616269
EDA,60C,1,2026-07-21 10:25:26,1,10978.964497029918,99.68921839940387,0.039179674712845856,0.0005831929905792113,0.7469656990479036,0.011929673143728387,False,0.0,
EDA,60C,2,2026-07-21 10:26:46,1,10473.428765474784,87.48574193349621,0.053202329215925964,0.000661768873436522,0.7749354592761908,0.013379489967242203,False,1.3333333333333333,
EDA,60C,3,2026-07-21 10:28:08,1,10118.948161868744,76.36032290441125,0.0616264698182039,0.0006325146292866034,0.8311444750642516,0.014437438236465077,False,2.7,
EDA,60C,4,2026-07-21 10:29:30,1,10032.559208129092,75.5999436720205,0.06498295421447968,0.000652405697543599,0.8362855351729276,0.01500520970177598,False,4.066666666666666,
EDA,60C,5,2026-07-21 10:30:50,1,9945.024728233671,73.39423646068545,0.06547801801620723,0.0006395121740822916,0.842353602304292,0.014915090194471523,False,5.4,0.0
EDA,60C,6,2026-07-21 10:32:12,1,9970.847809532042,76.2757419021296,0.06055064071250671,0.000640168137454197,0.817468315034638,0.014155972529047581,False,6.766666666666667,0.07525238932065548
EDA,60C,7,2026-07-21 10:33:32,1,10013.913481842601,81.78925398155711,0.05594364755567739,0.0006451989501262209,0.8218867413952182,0.014559903376652543,False,8.1,0.14561177551479754
EDA,60C,8,2026-07-21 10:34:54,1,9762.025507431099,73.90409718471616,0.054413783994879124,0.0005714965222803009,0.8570254014443033,0.014063931506912318,False,9.466666666666667,0.1689763123036111
EDA,60C,9,2026-07-21 10:36:16,1,9871.421473196397,81.66196382996563,0.04956861006645467,0.0005990399680156451,0.8228971619075034,0.013831517040009202,False,10.833333333333334,0.24297326693386834
EDA,60C,10,2026-07-21 10:37:36,1,9802.846667529317,81.66733032649208,0.04459683919091392,0.0005573739673334787,0.82224658255248,0.013178416198313217,False,12.166666666666666,0.3189036482461146
EDA,60C,11,2026-07-21 10:38:58,1,10169.932438007874,97.43112928746818,0.03626418757407812,0.0005758362539408911,0.7490162357939696,0.012206062796832564,False,13.533333333333333,0.4461624118631393
EDA,60C,12,2026-07-21 10:40:18,1,10054.040835504531,94.89804046103359,0.030447069016299098,0.0004791612971063282,0.7678686950191792,0.011554819963061357,False,14.866666666666667,0.5350031974278331
EDA,60C,13,2026-07-21 10:41:40,1,10060.409343212716,105.04427291818264,0.023976292901959212,0.00042967675720027555,0.7563376655262731,0.01153670549434141,False,16.233333333333334,0.63382683794698
EDA,60C,14,2026-07-21 10:43:00,1,10317.890268931951,132.33649308201413,0.01730836069146642,0.00040912771758943456,0.693756896459629,0.011551278260831188,False,17.566666666666666,0.7356615057104778
EDA,60C,15,2026-07-21 10:44:22,1,10331.122104752792,152.42130845100158,0.01260853318945312,0.00035601588869231196,0.6603905441004696,0.011626913615079528,False,18.933333333333334,0.8074386859673695
EDA,60C,16,2026-07-21 10:45:40,1,10104.78303961343,122.37668050524982,0.008940257914067084,0.00019644969510126218,0.6569034898894165,0.012901086833137313,False,20.233333333333334,0.8634616901224137
EDA,60C,17,2026-07-21 10:48:18,2,10269.343640775653,132.08370068215737,0.004412253038404568,0.00011928762063705687,0.5742316184293093,0.009013017027090071,False,22.866666666666667,0.9326147435111363
EDA,60C,19,2026-07-21 10:50:56,2,11294.903047505117,305.0833320881166,0.001103495541772028,7.314949299523798e-05,0.45197961295314043,0.010209237827095513,False,25.5,0.9831470839343536
EDA,60C,21,2026-07-21 10:53:34,3,17329.155788533717,1339.8376028031741,7.039244198279823e-05,1.5647460186134968e-05,0.30948015086959446,0.011986094344459408,False,28.133333333333333,0.9989249454379426
EDA,60C,24,2026-07-21 10:57:32,2,14314.637632724975,3100.269703093082,3.499185375875519e-05,1.8880389998442583e-05,0.35603416336144106,0.03907778879398581,False,32.1,0.9994655938768627
EDA,60C,26,2026-07-21 11:00:10,2,15471.304927025918,5989.800590269186,1.465664713192557e-05,1.333516661168742e-05,0.34476865754175223,0.05633372581601692,False,34.733333333333334,0.9997761592733565
EDA,60C,28,2026-07-21 11:02:48,2,11675.018112278338,5387.212227425513,2.050911056456552e-05,1.967135576847326e-05,0.40392642352068875,0.08429605736631757,False,37.36666666666667,0.9996867786902242
EDA,60C,30,2026-07-21 11:05:26,2,4518.240894097657,1313.2132289886115,8.79453248119967e-05,3.841554655863957e-05,0.7242477258450076,0.16792503686932708,False,40.0,0.9986568725279646
EDA,60C,32,2026-07-21 11:08:04,2,2917.749405008053,689.4407532062559,0.00013003399760118977,3.956623130433796e-05,0.9497989138170781,0.24295757901661827,False,42.63333333333333,0.9980140816484548
EDA,60C,34,2026-07-21 11:10:42,2,2825.4527152305554,855.3618354248104,0.00011485571212652883,4.767998469799829e-05,0.8544568647131547,0.2491534467718784,False,45.266666666666666,0.9982458889928816
EDA,60C,36,2026-07-21 11:13:22,2,2595.3315151189586,444.34235564424966,0.00012974199268777928,2.5721210730308163e-05,1.0974302974376893,0.2275969758695333,False,47.93333333333333,0.9980185412353858
EDA,60C,38,2026-07-21 11:16:00,2,1649.1072145037906,222.2311468643133,0.00019042844669898978,2.3240736577998537e-05,1.722001372666951,0.46741531606200654,False,50.56666666666667,0.9970917194431289
EDA,60C,40,2026-07-21 11:18:38,2,1773.8460743512585,235.97888368495958,0.00017507894226102396,2.1332188144865893e-05,1.6527556195770978,0.4188462009942302,False,53.2,0.9973261416951
EDA,60C,42,2026-07-21 11:21:16,2,1877.2222225444216,262.4944989366429,0.00014988053197251998,1.966183767025721e-05,1.5300478326754743,0.36364762596997324,False,55.833333333333336,0.9977109794017373
EDA,60C,44,2026-07-21 11:23:54,2,2484.938137569694,766.8662343621914,0.00011760264974237869,4.769954976402883e-05,0.9078975233161436,0.28382470709596774,False,58.46666666666667,0.9982039369347852
EDA,60C,46,2026-07-21 11:26:34,2,1612.2348475467077,173.31081982388616,0.00016945339615545332,1.4911243618111968e-05,2.017806531285003,0.48803296300911897,True,61.13333333333333,
EDA,60C,48,2026-07-21 11:29:12,2,1741.679490293851,385.2734687765984,0.000167720822633685,4.345846047771354e-05,1.129758667733948,0.3365495137855886,False,63.766666666666666,0.9974385171128397
EDA,60C,50,2026-07-21 11:31:50,2,2182.6564064552986,571.6296689535201,0.00012665196110911236,4.092298250107238e-05,1.001907342360453,0.29331663558101595,False,66.4,0.9980657331277535
EDA,60C,52,2026-07-21 11:34:28,2,1434.0258203555709,184.96142087453958,0.00017960867405768775,2.0661389912778162e-05,1.7426291797145632,0.4514169446561473,False,69.03333333333333,0.997256962267654
EDA,60C,54,2026-07-21 11:37:06,2,1586.2295477642474,183.57767220291908,0.00019516732956900156,1.9644619614240426e-05,1.8707221517212629,0.47064581421534196,False,71.66666666666667,0.9970193457975363
EDA,60C,56,2026-07-21 11:39:44,2,1945.5341640585455,550.7139470414406,0.00013092536942465368,4.8920130537558816e-05,0.9195300398508801,0.27556418766359875,False,74.3,0.9980004683496644
EDA,60C,58,2026-07-21 11:42:22,3,1703.1529757700725,318.2801268331512,0.00016731156873195727,3.447758023689862e-05,1.230997153335592,0.333383762302662,False,76.93333333333334,0.9974447673616123
DAP,60C,1,2026-07-21 13:45:30,1,10856.773343311945,85.67151094933082,0.056001426292387704,0.000649525530260153,0.7722794802079458,0.012928802048894527,False,0.0,
DAP,60C,2,2026-07-21 13:46:52,1,10669.43289480317,81.42491654392815,0.06565113033522854,0.0006900062260526714,0.7887248845555048,0.014066361123628702,False,1.3666666666666667,
DAP,60C,3,2026-07-21 13:48:14,1,10344.936826196259,73.84003054258204,0.07337207920331898,0.0006763315961689671,0.8306503963895936,0.015154194914082951,False,2.7333333333333334,
DAP,60C,4,2026-07-21 13:49:34,1,10223.82067395896,72.53066525220525,0.07539466238552654,0.0006777778112453905,0.8511050690806383,0.015883129295467698,False,4.066666666666666,0.0
DAP,60C,5,2026-07-21 13:50:56,1,10186.581801078257,74.53844016590367,0.07261623149061192,0.0006854239616679651,0.8363002423993084,0.015590846501118732,False,5.433333333333334,0.036851824877300654
DAP,60C,6,2026-07-21 13:52:18,1,10175.156628684976,74.2436187012724,0.06913389045984086,0.0006629575822755731,0.8288978782690324,0.014890850848104884,False,6.8,0.08303998887443198
DAP,60C,7,2026-07-21 13:53:40,1,10208.938397223244,80.68048720441243,0.06494886870582109,0.0007009455465346264,0.803695965776271,0.014868834451364155,False,8.166666666666666,0.13854818563005766
DAP,60C,8,2026-07-21 13:55:00,1,10239.694949004888,80.57258331195986,0.058155579044153465,0.0006496136697031171,0.799822220888302,0.013808980841067745,False,9.5,0.22865124394644754
DAP,60C,9,2026-07-21 13:56:22,1,9976.680097105349,79.218208149544,0.05359671774256338,0.0006026885144223074,0.8349740982790738,0.014121099505238304,False,10.866666666666667,0.28911787589817095
DAP,60C,10,2026-07-21 13:57:44,1,10237.840894586745,86.49574240596917,0.043927393760756675,0.0005768104274146185,0.7823146332988707,0.012432325667436475,False,12.233333333333333,0.4173673258706788
DAP,60C,11,2026-07-21 13:59:06,1,10105.885476191232,91.00061410731408,0.03616463622279314,0.0005226565761880364,0.7870499761721175,0.012207210168260981,False,13.6,0.5203289585956732
DAP,60C,12,2026-07-21 14:00:26,1,10313.909896359604,102.90317667650707,0.027593492863298544,0.00046979647564552766,0.7518847986049205,0.011463561181005073,False,14.933333333333334,0.6340126477097184
DAP,60C,13,2026-07-21 14:01:48,1,10266.385525648611,120.17132559519243,0.020472777830045,0.0004280511378162553,0.7209206897330511,0.011589424574047063,False,16.3,0.7284585250165515
DAP,60C,14,2026-07-21 14:03:10,1,10468.97178771396,151.60580955771758,0.013300701319561691,0.00036442791947410646,0.6710698557644199,0.011790768865129198,False,17.666666666666668,0.8235856372491029
DAP,60C,15,2026-07-21 14:04:30,1,10574.664705029105,207.8740545293318,0.007444531979077413,0.0002939636824189765,0.6145270831167734,0.012986675562901031,False,19.0,0.9012591641963963
DAP,60C,16,2026-07-21 14:05:52,1,10647.606244548806,317.77390978886586,0.0036977394824036737,0.0002352858491969782,0.5587076943188155,0.01609487513007089,False,20.366666666666667,0.9509548903674974
DAP,60C,17,2026-07-21 14:07:14,1,11193.238129099886,573.4906074903429,0.001456169557940871,0.00016942144084235752,0.5006269921391723,0.021944798569883323,False,21.733333333333334,0.9806860391456517
DAP,60C,18,2026-07-21 14:08:34,1,13783.718922131755,1554.849106960059,0.0003420857827161323,9.349377180003447e-05,0.4311481725132567,0.03412033182608193,False,23.066666666666666,0.9954627320835141
DAP,60C,19,2026-07-21 14:09:56,1,8643.863067245647,1474.9294807838496,0.0003259889554691215,0.00011768415063371211,0.5251280814142003,0.07300882881000056,False,24.433333333333334,0.9956762329698859
DAP,60C,20,2026-07-21 14:11:18,1,7167.091714527127,2035.8769315828197,0.00022154510263321426,0.00012043781003815157,0.5887736038875024,0.14211318985112079,False,25.8,0.9970615280230269
DAP,60C,21,2026-07-21 14:12:40,1,4035.960274790888,4971.8245243508145,9.516760375461175e-05,0.00020441201820557337,0.6065678082317398,0.5521506170924559,True,27.166666666666668,
DAP,60C,22,2026-07-21 14:14:00,1,4679.326923540038,771.7732872810449,0.00015906817345106146,1.9906766437618353e-05,2.338030989763777,0.9686711402593322,True,28.5,
DAP,60C,23,2026-07-21 14:15:20,1,4138.472256262853,3548.381537605929,7.27741316767844e-05,9.132453233933404e-05,0.7236039704855517,0.46449068538817156,False,29.833333333333332,0.9990347575096941
DAP,60C,24,2026-07-21 14:16:38,1,2053.5342925656178,814.1953398647084,0.0001730718220754977,8.25253334615954e-05,1.093849334959924,0.5731035869756796,False,31.133333333333333,0.9977044552412676
DAP,60C,25,2026-07-21 14:17:58,1,3266.5224109845726,1728.5978898474875,0.00010910473838098391,6.929373570487292e-05,1.0105046763829364,0.5694448307055167,False,32.46666666666667,0.9985528851124357
DAP,60C,26,2026-07-21 14:19:16,1,3056.408308985432,2112.5716337715858,0.00010043233143778685,9.826000509305832e-05,0.8005369881146631,0.48872663212760425,False,33.766666666666666,0.998667911914981
DAP,60C,27,2026-07-21 14:20:36,1,1830.0996249270245,994.1946743304726,0.0001224513150162095,6.213057387059874e-05,1.4650971685309055,1.205084329111667,False,35.1,0.9983758622806737
DAP,60C,28,2026-07-21 14:21:56,1,1194.1679549271885,507.7405942746886,0.00025690442237703896,0.00013053058367467057,1.1654367992515708,0.7545151261141614,False,36.43333333333333,0.9965925383276687
DAP,60C,29,2026-07-21 14:23:14,1,2949.3204420819197,1863.533880544631,0.00011142453985329959,0.0001036490548800003,0.7739379569081484,0.43663909901242676,False,37.733333333333334,0.9985221163365181
DAP,60C,30,2026-07-21 14:24:34,1,2787.4736065946836,1670.8220761800696,0.00011204251675382526,8.839407170824708e-05,0.8982739862382961,0.5324837478734958,False,39.06666666666667,0.9985139197761653
DAP,60C,31,2026-07-21 14:25:52,1,2156.78823571065,1218.7687061170259,0.0001518162354984134,0.0001234351236845195,0.8368525901941539,0.48628446066350567,False,40.36666666666667,0.9979863795301303
DAP,60C,32,2026-07-21 14:27:12,1,1163.0003172311046,319.21924275695017,0.00017263751405778764,3.4612141256056954e-05,2.751738637842341,2.1948762330355964,True,41.7,
DAP,60C,33,2026-07-21 14:28:30,1,1880.2960836066616,516.6895334341631,0.0001823513237581147,4.745079996374087e-05,1.5785407913545433,0.8014953267496783,False,43.0,0.9975813762143311
DAP,60C,34,2026-07-21 14:29:50,1,44.87403756292014,0.0,3.3307505422383312e-06,0.0,4.639242673429582,0.0,True,44.333333333333336,
DAP,60C,35,2026-07-21 14:31:08,1,1399.2670957049215,477.4605473260143,0.0001763603787002563,5.392716104320639e-05,1.7194302289784265,1.1594689101363889,False,45.63333333333333,0.9976608373441817
DAP,60C,36,2026-07-21 14:32:28,1,1408.4488553138526,236.83799523697166,0.00017299677040115164,1.8874430337195528e-05,4.358565497616256,2.980427639365579,True,46.96666666666667,
DAP,60C,37,2026-07-21 14:33:48,1,3200.168748386696,2186.226439154001,6.165960584970358e-05,7.57763621228172e-05,0.5485359591413532,0.23689751758992936,False,48.3,0.9991821754498427
DAP,60C,38,2026-07-21 14:35:06,1,1614.4241778693868,277.02718104668145,0.00018816170902383214,3.0220154554058057e-05,1.6212776329186,0.5302239242594472,False,49.6,0.9975043099462177
DAP,60C,39,2026-07-21 14:36:26,1,1433.0014596756314,304.93462540355694,0.0001942555656828958,4.069912534456374e-05,1.5017201970105918,0.5736015752837283,False,50.93333333333333,0.9974234838443923
DAP,60C,40,2026-07-21 14:37:44,1,2933.5673057676954,1789.608879014851,7.360089759679908e-05,7.379895025072877e-05,0.6287601310242198,0.26985302216198753,False,52.233333333333334,0.9990237916681629
DAB,60C,1,2026-07-21 14:43:54,1,11002.377447876266,84.47176530060115,0.05124112833339625,0.0005908961166618328,0.7773528844718237,0.012108227912866257,False,0.0,
DAB,60C,2,2026-07-21 14:45:16,1,10636.920269642305,79.73727265496724,0.0643188045144513,0.0006619347064872095,0.8009708704968617,0.01395695511297994,False,1.3666666666666667,
DAB,60C,3,2026-07-21 14:46:38,1,10432.935374525781,74.21978076889822,0.07053065950438618,0.000659896265801808,0.8197006394211789,0.014459128874864365,False,2.7333333333333334,
DAB,60C,4,2026-07-21 14:47:58,1,10372.918664876217,76.7562437534687,0.07390772741360338,0.0007160260708156713,0.807865879953937,0.01514531037811308,False,4.066666666666666,0.0
DAB,60C,5,2026-07-21 14:49:20,1,10185.587539997434,73.53706936820232,0.07243266251425537,0.0006772150882138011,0.831407523019438,0.01522700838520726,False,5.433333333333334,0.01995819586080938
DAB,60C,6,2026-07-21 14:50:42,1,10165.606609416573,74.72048420135856,0.06846406991932219,0.0006676480966695363,0.8198350536168855,0.014677799186684902,False,6.8,0.07365478123576064
DAB,60C,7,2026-07-21 14:52:04,1,10273.207430580891,78.16468365851648,0.0618657878881444,0.0006522632539288303,0.8052061619143454,0.013956314602221876,False,8.166666666666666,0.16293207688649014
DAB,60C,8,2026-07-21 14:53:24,1,10159.187088129498,75.26670991286353,0.05746476130460749,0.0006018782279197942,0.8097203654139211,0.013135790366775188,False,9.5,0.22247966057699964
DAB,60C,9,2026-07-21 14:54:46,1,10336.839962905162,86.89272935692279,0.04948601143743012,0.0006262441923871921,0.7858699657505611,0.013210196117872247,False,10.866666666666667,0.33043521740973214
DAB,60C,10,2026-07-21 14:56:08,1,10165.793609696442,86.37982905326716,0.04317006840634017,0.0005669129790199277,0.7937304818035069,0.012634039359338559,False,12.233333333333333,0.41589235771313504
DAB,60C,11,2026-07-21 14:57:28,1,10184.312486826637,91.16044704271981,0.035831339810216425,0.0005163098446932454,0.7850942650097271,0.012047448743214841,False,13.566666666666666,0.5151881803955813
DAB,60C,12,2026-07-21 14:58:50,1,10187.29358622344,97.7928246422199,0.029132931443623382,0.0004704387347604599,0.7626988289431101,0.01145780802713924,False,14.933333333333334,0.6058202239044735
DAB,60C,13,2026-07-21 15:00:12,1,10345.90002530483,112.0810896053932,0.021438184647582816,0.0004098682743177305,0.7318138493015078,0.011084389550076458,False,16.3,0.7099331098680632
DAB,60C,14,2026-07-21 15:01:32,1,10525.779031046128,139.8844122588104,0.014874524317960807,0.00036660596246541606,0.6897128583808444,0.011491677868768445,False,17.633333333333333,0.7987419605703772
DAB,60C,15,2026-07-21 15:02:54,1,10417.00890505502,175.51050815287084,0.009761045736422534,0.0003188405084720476,0.6479662922688302,0.012446808275876891,False,19.0,0.867929294026352
DAB,60C,16,2026-07-21 15:04:16,1,10573.288391544307,240.64907862699337,0.005491544655671075,0.0002547112704384458,0.5997898140318961,0.014147730055409702,False,20.366666666666667,0.9256972870382115
DAB,60C,17,2026-07-21 15:05:36,1,10682.090244586268,377.6936322103194,0.002704564783994162,0.0002096832287442517,0.5335430994506491,0.017359908383072543,False,21.7,0.9634061974486261
DAB,60C,18,2026-07-21 15:06:58,1,12743.0699202891,859.0390322143979,0.0008014377910530446,0.00013253179148478515,0.4379035186619758,0.022030992997262386,False,23.066666666666666,0.9891562382026979
DAB,60C,19,2026-07-21 15:08:20,1,13235.400568304976,1595.9325507518834,0.00030907853308931283,9.336030815089173e-05,0.407967122313509,0.03283022970107417,False,24.433333333333334,0.9958180484787519
DAB,60C,20,2026-07-21 15:09:40,1,14299.213094151593,3240.9176161630116,0.00012602902280275282,7.225854319314166e-05,0.3804795660475496,0.05068684843453013,False,25.766666666666666,0.9982947788111862
DAB,60C,21,2026-07-21 15:11:00,1,14077.964439132958,3147.6478478777763,6.787927019473103e-05,3.381445281719029e-05,0.42678930753178235,0.05513293979961285,False,27.1,0.9990815673466069
DAB,60C,22,2026-07-21 15:12:20,1,6018.756718013507,911.014985596119,0.00019500771634650276,4.4495738696957736e-05,0.8108169020930515,0.13047175214800116,False,28.433333333333334,0.9973614705366978
DAB,60C,23,2026-07-21 15:13:38,1,11221.13001141593,6075.079954814603,3.9729958634209915e-05,4.02622372078526e-05,0.49200706214212936,0.1452832997858865,False,29.733333333333334,0.9994624383670753
DAB,60C,24,2026-07-21 15:14:58,1,10055.268876070313,5965.700214929769,4.394976920861969e-05,4.6751179332359774e-05,0.5239647269910069,0.17698754963913235,False,31.066666666666666,0.9994053427057408
DAB,60C,25,2026-07-21 15:16:16,1,5461.188295868181,3121.3677145632873,7.913605819940795e-05,5.875578713063428e-05,0.8529040918529848,0.40908192550399525,False,32.36666666666667,0.9989292586720121
DAB,60C,26,2026-07-21 15:17:36,1,838.5531488617976,281.9326517255192,0.0002983725202912543,9.252022160345882e-05,1.8416885535161072,1.4173299763012457,False,33.7,0.9959629049528002
DAB,60C,27,2026-07-21 15:18:54,1,2481.3020546078415,598.3494343415356,0.0001716570227961148,4.0188456354575726e-05,1.4963707492403497,0.6259815797619198,False,35.0,0.9976774144084355
DAB,60C,28,2026-07-21 15:20:14,1,2988.967591757044,894.8518837310203,0.00014381632350797112,4.528099314137624e-05,1.2809320244734985,0.5487197477179905,False,36.333333333333336,0.9980541097860696
DAB,60C,29,2026-07-21 15:21:32,1,52916.93794652321,2.833075116770561e-08,1.6760964832539474e-07,1.4281811346495268e-07,0.21590461249271492,0.027524063485512448,False,37.63333333333333,0.9999977321769429
DAB,60C,30,2026-07-21 15:22:52,1,2200.6900141545034,601.2653525787163,0.00016374142192837862,4.3601544018938376e-05,1.472286800426673,0.6787101509721283,False,38.96666666666667,0.9977845155349988
DAB,60C,31,2026-07-21 15:24:10,1,2246.170092821618,572.3972905702979,0.00014216262196217896,4.593728948713403e-05,0.9847040854430302,0.2873183300932111,False,40.266666666666666,0.9980764850045164
DAB,60C,32,2026-07-21 15:25:30,1,2744.678875846821,700.5371616806697,0.00011560639833475376,3.257071120644872e-05,1.1448435111551305,0.3502524642079817,False,41.6,0.9984358009320488
DAB,60C,33,2026-07-21 15:26:48,1,2737.7043245719437,873.3503941016612,0.00011660176942134405,5.0308831550030805e-05,0.8725365913347876,0.27336672842855486,False,42.9,0.9984223331781152
DAB,60C,34,2026-07-21 15:28:08,1,2024.6926125847106,387.2395324884557,0.00015693393593187998,3.2160296387824565e-05,1.2683011385831764,0.35402199882814755,False,44.233333333333334,0.9978766234408258
DAB,60C,35,2026-07-21 15:29:26,1,3844.657811680537,2227.9127062198518,6.263331735409581e-05,6.016651146391014e-05,0.6063743778340788,0.23221039361996393,False,45.53333333333333,0.9991525471077796
DAB,60C,36,2026-07-21 15:30:46,1,2208.6505353610937,508.87254209932826,0.00014087831547579817,3.598103748788866e-05,1.184225012128899,0.36234392240040547,False,46.86666666666667,0.9980938621656242
DAB,60C,37,2026-07-21 15:32:04,1,1824.0819870470834,342.1046891644454,0.0001840163485401975,3.5709152294596394e-05,1.3754267145030696,0.4229087562120774,False,48.166666666666664,0.9975101879738447
DAB,60C,38,2026-07-21 15:33:24,1,2904.434613125217,1028.0847003614979,9.51962897980254e-05,4.522913812270223e-05,0.8491934527130128,0.27035283209917205,False,49.5,0.9987119575566803
