Method,Sample,Temp_C,log_k1_median,log_k1_lower,log_k1_upper,log_k2_median,log_k2_lower,log_k2_upper,m_median,m_lower,m_upper,n_median,n_lower,n_upper,log_sigma_median,log_sigma_lower,log_sigma_upper
DSC,EDA,50,8.983697486666928e-05,8.93451512556356e-05,9.035906987603445e-05,0.0009452484838376904,0.0009418175230348654,0.0009488923567345792,0.768811404348908,0.7658630278066708,0.7718330123386811,1.5727198814267975,1.5710755209988159,1.574438001193806,0.001251356792790343,0.0012384357087725968,0.0012644855468662937
