Method,Sample,Temp_C,log_k1_median,log_k1_lower,log_k1_upper,log_k2_median,log_k2_lower,log_k2_upper,m_median,m_lower,m_upper,n_median,n_lower,n_upper,log_sigma_median,log_sigma_lower,log_sigma_upper
DSC,DAB,33,8.876440322047278e-06,8.204649278892181e-06,9.41465470932959e-06,0.0004076677631969439,0.0004038397660379255,0.00041070412392872353,0.4119824714620212,0.4078202589491858,0.415260146231223,1.275976588893676,1.2727221067967747,1.2786197854338843,0.00033883543508821313,0.0003318624187209053,0.00034607504362756976
