Method,Sample,Temp_C,log_k1_median,log_k1_lower,log_k1_upper,log_k2_median,log_k2_lower,log_k2_upper,m_median,m_lower,m_upper,n_median,n_lower,n_upper,log_sigma_median,log_sigma_lower,log_sigma_upper
DSC,DAP,25,2.7307669902681024e-05,4.348600194205915e-06,2.74448893931924e-05,0.00021356135992528096,8.7197765427849e-05,0.00021623539453999324,1.0546744847387464,0.35150511382695976,1.062191408443925,1.1472354422706135,0.7720072340851333,1.1514431763324047,0.0017582548753450795,0.0017395001849952452,0.003721721746619913
