Method,Sample,Temp_C,log_k1_median,log_k1_lower,log_k1_upper,log_k2_median,log_k2_lower,log_k2_upper,m_median,m_lower,m_upper,n_median,n_lower,n_upper,r_median,r_lower,r_upper,log_sigma_median,log_sigma_lower,log_sigma_upper
NMR,EDA,40,7.081360687035124e-05,2.4071879625403924e-06,0.000409747421823125,0.024663209548298495,0.00011610861436595291,0.040335903108812764,0.8021612895681169,0.10921135067955245,1.403883987603641,1.9544638772972334,1.365066707255857,1.997032702302488,0.044153782494925464,0.043934104858428205,0.04619268226866646,0.0005211490899717127,0.0004274292176576684,0.006644431875728424
