Method,Sample,Temp_C,log_k1_median,log_k1_lower,log_k1_upper,log_k2_median,log_k2_lower,log_k2_upper,m_median,m_lower,m_upper,n_median,n_lower,n_upper,log_sigma_median,log_sigma_lower,log_sigma_upper
DSC,DAB,25,2.387109306738319e-05,2.3764374702437316e-05,2.3968120351158786e-05,0.0002619843135451969,0.00025825119772236987,0.00026548240309253373,1.3103958316204414,1.30187500206303,1.3180716820258591,1.0613332564164129,1.0559971281585765,1.0663860239328347,0.0024690219017670404,0.0024436794448459086,0.002494801375963579
