Method,Sample,Temp_C,log_k1_median,log_k1_lower,log_k1_upper,log_k2_median,log_k2_lower,log_k2_upper,m_median,m_lower,m_upper,n_median,n_lower,n_upper,log_sigma_median,log_sigma_lower,log_sigma_upper
NMR,EDA,40,3.3959891227606746e-53,0.0,,0.0031203640089771,0.0015760945144259661,0.004358975421400697,0.5164677504418725,0.4444142904386865,0.631345550271105,1.4238522839935115,1.30027547667001,1.4796926277729148,9.341709788350316e-05,4.4933226414971697e-05,0.00025056768263196765
