Method,Sample,Temp_C,log_k1_median,log_k1_lower,log_k1_upper,log_k2_median,log_k2_lower,log_k2_upper,m_median,m_lower,m_upper,n_median,n_lower,n_upper,log_sigma_median,log_sigma_lower,log_sigma_upper
DSC,EDA,60,1.3211127165540915e-07,1.1776772515338518e-08,1.1438328867212859e-06,0.0011379407641751767,0.0011366723681445292,0.0011391332714256219,0.3573564005876604,0.35688175712611686,0.35844615961502546,1.6023995249686667,1.6016213956244976,1.6031727338184742,0.0011028447264357748,0.0010900211769257562,0.0011165395780206098
