Method,Sample,Temp_C,log_k1_median,log_k1_lower,log_k1_upper,log_k2_median,log_k2_lower,log_k2_upper,m_median,m_lower,m_upper,n_median,n_lower,n_upper,log_sigma_median,log_sigma_lower,log_sigma_upper
DSC,EDA,33,6.746202484875083e-10,1.0972290702442017e-10,1.0549552192733906e-08,0.00021582023744009594,0.00021510052016658377,0.0002165394860505083,0.30806050169477656,0.3076129682749881,0.30850800496263264,1.087033630281696,1.0855268044895874,1.0885354639013909,0.00021858030266296637,0.00021411645008852099,0.0002231938474576314
