Method,Sample,Temp_C,log_k1_median,log_k1_lower,log_k1_upper,log_k2_median,log_k2_lower,log_k2_upper,m_median,m_lower,m_upper,n_median,n_lower,n_upper,r_median,r_lower,r_upper,log_sigma_median,log_sigma_lower,log_sigma_upper
NMR,DAB,40,0.00029135767156439205,0.0001943953316979977,0.0003893601813441848,0.05021422792090506,0.02427467754134918,0.09215465071268998,0.905065126010783,0.7779621805057455,1.0115056158955043,2.268965716105972,2.1271728981014744,2.3929250129052724,0.04186580660555332,0.041751977613316546,0.04198394618460363,0.0002690863180202009,0.0002341847220756724,0.0003137758823733538
