Method,Sample,Temp_C,log_k1_median,log_k1_lower,log_k1_upper,log_k2_median,log_k2_lower,log_k2_upper,m_median,m_lower,m_upper,n_median,n_lower,n_upper,log_sigma_median,log_sigma_lower,log_sigma_upper
DSC,EDA,60,6.663611032528515e-09,1.233154171783104e-10,6.329480884490887e-07,0.0011378386266542285,0.0011365834930175598,0.0011391072357187929,0.3571887007533424,0.3568106983468373,0.3579288592095132,1.6022762535749544,1.6015325029128922,1.6030499929547057,0.001103526163630907,0.0010907073651820983,0.0011164501064344764
