Method,Sample,Temp_C,log_k1_median,log_k1_lower,log_k1_upper,log_k2_median,log_k2_lower,log_k2_upper,m_median,m_lower,m_upper,n_median,n_lower,n_upper,log_sigma_median,log_sigma_lower,log_sigma_upper
NMR,EDA,25,2.625850979211093e-06,1.4531413935754602e-237,2.3002707770680398e+256,0.0004595558577287066,0.00024932196167141686,0.001135133132811143,0.35874773461432286,0.22431602397128333,0.6070488274672943,1.4287303017886526,1.3543000628397883,1.4825734388446226,9.573051895309476e-05,2.428533713596327e-05,0.0029233229102588543
