Method,Sample,Temp_C,log_k1_median,log_k1_lower,log_k1_upper,log_k2_median,log_k2_lower,log_k2_upper,m_median,m_lower,m_upper,n_median,n_lower,n_upper,r_median,r_lower,r_upper,log_sigma_median,log_sigma_lower,log_sigma_upper
NMR,DAP,25,6.8209092629062525e-06,1.1815955028633549e-08,0.00014491668297445036,0.0007265211448444415,8.634735724034049e-06,0.006790641921435674,0.3081042127935885,0.27875181658155157,2.398301981383514,1.5988913118379582,1.4137031836756355,1.6646085509996573,0.029773871184976364,0.029684937514803257,0.03018394411220856,0.000113100239219559,5.042214677748604e-05,0.0009653495939506335
