Method,Sample,Temp_C,log_k1_median,log_k1_lower,log_k1_upper,log_k2_median,log_k2_lower,log_k2_upper,m_median,m_lower,m_upper,n_median,n_lower,n_upper,r_median,r_lower,r_upper,log_sigma_median,log_sigma_lower,log_sigma_upper
DSC,EDA,50,8.554947649786106e-05,7.608505363625879e-06,0.0002531268489597676,0.0008978242955858492,8.7708585312768e-07,0.0015066709084321406,0.7378276397311903,0.44630698960321474,1.5550537772127728,1.541995628205283,1.01797230153613,1.545403935228272,0.6822490059338842,0.6821778508196742,0.7052691509617262,0.0012031104038587885,0.001184073382678321,0.028422012582286348
