Method,Sample,Temp_C,log_k1_median,log_k1_lower,log_k1_upper,log_k2_median,log_k2_lower,log_k2_upper,m_median,m_lower,m_upper,n_median,n_lower,n_upper,log_sigma_median,log_sigma_lower,log_sigma_upper
DSC,DAP,60,0.0002825940776774863,0.00028132465972463414,0.00028391426309062054,0.001686526744400522,0.0016810853573444218,0.0016921379974538567,0.8125881300381413,0.8090193672084349,0.816343961564468,1.5601318959402573,1.5586635325266085,1.561629137702172,0.001164803959661234,0.0011515575893782527,0.0011783540699608563
