Method,Sample,Temp_C,log_k1_median,log_k1_lower,log_k1_upper,log_k2_median,log_k2_lower,log_k2_upper,m_median,m_lower,m_upper,n_median,n_lower,n_upper,log_sigma_median,log_sigma_lower,log_sigma_upper
DSC,EDA,50,8.983393627942235e-05,8.934437871556259e-05,9.037351564217787e-05,0.0009452431614180704,0.0009418148399121086,0.0009490043326016475,0.7688079727617685,0.7658233912994611,0.771935090698298,1.5727234248378363,1.5710687183767573,1.5744813611332822,0.001251564753182589,0.0012381909833479696,0.0012646044608290179
