Method,Sample,Temp_C,log_k1_median,log_k1_lower,log_k1_upper,log_k2_median,log_k2_lower,log_k2_upper,m_median,m_lower,m_upper,n_median,n_lower,n_upper,r_median,r_lower,r_upper,log_sigma_median,log_sigma_lower,log_sigma_upper
DSC,DAB,33,1.738652977480589e-05,4.716097000165531e-06,7.993244858395742e-05,0.00046565217010463046,6.270643380982209e-07,0.0004732134860684297,0.4648780165243543,0.10685702469289025,0.47611846786755363,1.3139514084390584,0.8639879084116322,1.3236579175682988,0.2202375471736968,0.22006119295388452,0.23036258975812993,0.0004053209991592858,0.0003602089746640604,0.009923839258472015
