Method,Sample,Temp_C,log_k1_median,log_k1_lower,log_k1_upper,log_k2_median,log_k2_lower,log_k2_upper,m_median,m_lower,m_upper,n_median,n_lower,n_upper,log_sigma_median,log_sigma_lower,log_sigma_upper
DSC,EDA,100,5.253669069129881e-08,1.3863473048850968e-10,0.00012058180807183962,0.01009739867991052,0.009838270209076455,0.010349704921705288,0.2360569706000467,0.2281612710540603,0.27952723313485933,0.7641610810715607,0.75120609144327,0.7810473643048629,0.0072006428514828635,0.006762241783869092,0.007843354737882401
