Method,Sample,Temp_C,log_k1_median,log_k1_lower,log_k1_upper,log_k2_median,log_k2_lower,log_k2_upper,m_median,m_lower,m_upper,n_median,n_lower,n_upper,log_sigma_median,log_sigma_lower,log_sigma_upper
NMR,EDA,25,2.0526485303392018e-07,3.073884675099939e-166,,0.0005151984408223925,0.0001870569567305158,0.0006711017726875005,0.3695282048765779,0.275566223769391,0.44133837153157846,1.475594244262176,1.35262240419267,1.563864087412899,0.00011302142947071679,3.404412681097505e-05,0.0002152595526662005
