Method,Sample,Temp_C,log_k1_median,log_k1_lower,log_k1_upper,log_k2_median,log_k2_lower,log_k2_upper,m_median,m_lower,m_upper,n_median,n_lower,n_upper,log_sigma_median,log_sigma_lower,log_sigma_upper
DSC,DAP,50,0.00014090338162877042,0.00014047326028384638,0.00014157916843336024,0.0010247333939409453,0.0010213998822486798,0.001029740844706765,0.8813711536936182,0.8788217593128199,0.885835643421448,1.557107197610491,1.5556414575729953,1.55911493182933,0.001222412927524281,0.0012087148241996608,0.001236370499750469
