Method,Sample,Temp_C,log_k1_median,log_k1_lower,log_k1_upper,log_k2_median,log_k2_lower,log_k2_upper,m_median,m_lower,m_upper,n_median,n_lower,n_upper,log_sigma_median,log_sigma_lower,log_sigma_upper
NMR,DAP,25,2.730252773619844e-08,1.329239925264921e-10,1.1098191304778025e-05,0.0004994196340684953,0.00040929468420826024,0.000616678890866454,0.26943821354033576,0.2511774190056244,0.30585208213081705,1.4986230070254445,1.4427129332571424,1.5548119256589168,8.796153837879187e-05,6.647923478021744e-05,0.00012385892244801006
