Method,Sample,Temp_C,log_k1_median,log_k1_lower,log_k1_upper,log_k2_median,log_k2_lower,log_k2_upper,m_median,m_lower,m_upper,n_median,n_lower,n_upper,log_sigma_median,log_sigma_lower,log_sigma_upper
DSC,DAP,100,0.0010013431142263597,0.0009387501702585824,0.001061864948859288,0.012612524256206969,0.012571292151934001,0.012654351384031518,0.4497502624496026,0.4422872053845808,0.4571088549545469,1.7242410956706344,1.721327030057466,1.727116726248534,0.0009577771305294963,0.0009366703389286058,0.0009797221705761462
