Method,Sample,Temp_C,log_k1_median,log_k1_lower,log_k1_upper,log_k2_median,log_k2_lower,log_k2_upper,m_median,m_lower,m_upper,n_median,n_lower,n_upper,log_sigma_median,log_sigma_lower,log_sigma_upper
NMR,DAP,40,2.4810195015078346e-08,1.3084252193895676e-10,9.73027963196099e-06,0.001913160934935924,0.0014876887881148,0.0025035362561983223,0.43737547899882423,0.4148067237144044,0.474610365623231,1.17062788409755,1.0799594675255706,1.2623778299522108,0.00042677124863384924,0.00035384526768482394,0.0005280086803681683
