Method,Sample,Temp_C,log_k1_median,log_k1_lower,log_k1_upper,log_k2_median,log_k2_lower,log_k2_upper,m_median,m_lower,m_upper,n_median,n_lower,n_upper,r_median,r_lower,r_upper,log_sigma_median,log_sigma_lower,log_sigma_upper
DSC,DAB,80,0.0012754658798009666,1.051933833916597e-08,0.0013488994698350782,0.005727158404197787,2.7968916299847845e-06,0.005813152910221333,0.8459950376560379,0.0031437784127515364,1.232990197331768,1.4739372005835003,0.3781323981878497,1.4801240594558518,0.9297313078929565,0.8896133868032265,0.960312879891807,0.002793158904604193,0.002477144716552838,0.28265844916609195
