Method,Sample,Temp_C,log_k1_median,log_k1_lower,log_k1_upper,log_k2_median,log_k2_lower,log_k2_upper,m_median,m_lower,m_upper,n_median,n_lower,n_upper,r_median,r_lower,r_upper,log_sigma_median,log_sigma_lower,log_sigma_upper
DSC,DAB,100,0.0013521011983744888,3.573598204200188e-06,0.007131866077439529,0.013393829773349242,3.0832526299118434e-05,0.013889411319178908,0.5057610262309027,0.33551781821177035,2.769724587399788,1.5285977829381432,0.9609335616384654,1.5386211927105748,0.8887927909364267,0.8882956852278009,0.9016057872416042,0.0020033947581962887,0.001489681511739543,0.48501972030753304
