Method,Sample,Temp_C,log_k1_median,log_k1_lower,log_k1_upper,log_k2_median,log_k2_lower,log_k2_upper,m_median,m_lower,m_upper,n_median,n_lower,n_upper,log_sigma_median,log_sigma_lower,log_sigma_upper
DSC,EDA,25,3.476293694045685e-05,3.4621524293940944e-05,3.491179192324338e-05,0.00022074110176781606,0.00021727295982741006,0.00022448207964984347,1.4819197560220763,1.4695977283893176,1.4951480207017076,1.3841529867248654,1.378354153171865,1.3902377900906058,0.004258800284767859,0.004214989485548748,0.004302327616363988
