Method,Sample,Temp_C,log_k1_median,log_k1_lower,log_k1_upper,log_k2_median,log_k2_lower,log_k2_upper,m_median,m_lower,m_upper,n_median,n_lower,n_upper,r_median,r_lower,r_upper,log_sigma_median,log_sigma_lower,log_sigma_upper
DSC,DAP,80,0.0006423708393835784,0.0006360403490161253,0.0006486549292760355,0.004337294411963096,0.004328820639997771,0.004345833055867769,0.5359334194067132,0.5328917082151676,0.5389811931603269,1.6317065479033377,1.6304085665691403,1.633005361013564,0.7936432371901571,0.793619752741139,0.7936669078339691,0.0004904706257747335,0.00048161126356263743,0.0004995882928266474
