Method,Sample,Temp_C,log_k1_median,log_k1_lower,log_k1_upper,log_k2_median,log_k2_lower,log_k2_upper,m_median,m_lower,m_upper,n_median,n_lower,n_upper,log_sigma_median,log_sigma_lower,log_sigma_upper
NMR,EDA,40,7.21705399840979e-09,1.237600717794118e-10,9.950037354731222e-07,0.003124575528053016,0.0025752699263728884,0.003783953758922171,0.5200237636623899,0.5052040463280567,0.5352939593153822,1.418075511117424,1.350054248786936,1.4852563914364003,0.000308236180910722,0.0002681791391010865,0.00035937287193550226
