Method,Sample,Temp_C,log_k1_median,log_k1_lower,log_k1_upper,log_k2_median,log_k2_lower,log_k2_upper,m_median,m_lower,m_upper,n_median,n_lower,n_upper,log_sigma_median,log_sigma_lower,log_sigma_upper
DSC,EDA,80,0.0014744830446851796,0.00023644489251327234,0.001515255694328602,0.002649538570230214,0.002623020698987464,0.004278430566615135,0.4348446364055191,0.33689485376296063,0.8528976436397222,1.3027862793281635,1.0722478955710886,1.3151164566376858,0.0016123988544249675,0.0015823459580880982,0.018952517591695094
