Method,Sample,Temp_C,log_k1_median,log_k1_lower,log_k1_upper,log_k2_median,log_k2_lower,log_k2_upper,m_median,m_lower,m_upper,n_median,n_lower,n_upper,log_sigma_median,log_sigma_lower,log_sigma_upper
NMR,EDA,33,3.6390988701647695e-05,1.4477815202845375e-05,6.310713592793193e-05,0.002140719562604715,0.0010002337814283514,0.0052827861738534865,0.5817660350039222,0.4413840262901361,0.7446857558524859,1.5371743000279499,1.4109535199026058,1.6732417933670933,0.00022958820526119316,0.0001999847266664236,0.00026710855081653676
