Method,Sample,Temp_C,log_k1_median,log_k1_lower,log_k1_upper,log_k2_median,log_k2_lower,log_k2_upper,m_median,m_lower,m_upper,n_median,n_lower,n_upper,r_median,r_lower,r_upper,log_sigma_median,log_sigma_lower,log_sigma_upper
DSC,DAP,100,0.0015555082130950231,1.003427452072262e-08,0.001996285130155004,0.013570541766238385,0.00040622354452173097,0.01398329305927012,0.48935108642748715,0.001640801610493875,0.6062388262452046,1.7796314000496685,1.1093025757301924,1.8800628826414494,0.8287180368735017,0.7918984764461273,0.8956278344305416,0.0014983164687071234,0.0010683843049875698,0.189225973718682
