Method,Sample,Temp_C,log_k1_median,log_k1_lower,log_k1_upper,log_k2_median,log_k2_lower,log_k2_upper,m_median,m_lower,m_upper,n_median,n_lower,n_upper,r_median,r_lower,r_upper,log_sigma_median,log_sigma_lower,log_sigma_upper
NMR,EDA,25,5.02135541263789e-07,1.2190738402237088e-08,,0.0005934472842832985,3.2936399864374073e-07,0.0011055650025188636,0.38137195156923465,0.3262860365914712,1.615774780560097,1.5345708741381021,1.1900003050415537,1.6164532881387812,0.02137200001768631,0.02128078951510299,0.021670816385758563,0.00012570322928171374,6.0506191901188685e-05,0.0008494818638222125
