Method,Sample,Temp_C,log_k1_median,log_k1_lower,log_k1_upper,log_k2_median,log_k2_lower,log_k2_upper,m_median,m_lower,m_upper,n_median,n_lower,n_upper,r_median,r_lower,r_upper,log_sigma_median,log_sigma_lower,log_sigma_upper
DSC,EDA,100,2.350441113325157e-07,0.0,,0.010478095861746518,0.009402926471562052,0.04292155484008633,0.261542495518553,0.12462494518398733,0.7081899450723097,0.8959725712618279,0.28673526290409057,0.9180727613971039,1.0943968335408094,0.966570957910499,1.0999272633448078,0.005166796984521795,4.371420205752296e-05,0.005825121535540536
