Method,Sample,Temp_C,log_k1_median,log_k1_lower,log_k1_upper,log_k2_median,log_k2_lower,log_k2_upper,m_median,m_lower,m_upper,n_median,n_lower,n_upper,r_median,r_lower,r_upper,log_sigma_median,log_sigma_lower,log_sigma_upper
DSC,EDA,80,0.0019174169384476717,0.0019090784591487306,0.001925883009463647,0.003370872482813578,0.0033426602484455344,0.0034008545720063533,0.8450469957815833,0.8342204952048359,0.8562501522408713,1.4689119725563609,1.4646291020181326,1.473419583077993,1.0191139062162966,1.0185627026993898,1.0196943720706952,0.000837788928283787,0.0008226183756938153,0.0008533344100781023
