Method,Sample,Temp_C,log_k1_median,log_k1_lower,log_k1_upper,log_k2_median,log_k2_lower,log_k2_upper,m_median,m_lower,m_upper,n_median,n_lower,n_upper,log_sigma_median,log_sigma_lower,log_sigma_upper
DSC,EDA,33,1.7189977275656455e-06,1.312653791314582e-10,3.5514263737650824e-05,0.0002193893282411644,0.0002153003145912331,0.0005167852808599042,0.3188418762010597,0.3077443049072266,0.677660926501722,1.0917341470474318,1.0859008480755674,1.2646568335006059,0.00023096357724390498,0.00021474850601377693,0.0006471666464964022
