Method,Sample,Temp_C,log_k1_median,log_k1_lower,log_k1_upper,log_k2_median,log_k2_lower,log_k2_upper,m_median,m_lower,m_upper,n_median,n_lower,n_upper,log_sigma_median,log_sigma_lower,log_sigma_upper
DSC,DAB,100,0.0007042311838862978,1.1847317802188777e-05,0.0007913479008317771,0.012449800817592734,0.012408635539023554,0.012529966847743428,0.40505395592072785,0.3429627989204211,0.4139780716590703,1.469003002996014,1.4480732435377126,1.4724152696295414,0.0011360379885260855,0.001099442228067088,0.0012165101932471109
