Method,Sample,Temp_C,log_k1_median,log_k1_lower,log_k1_upper,log_k2_median,log_k2_lower,log_k2_upper,m_median,m_lower,m_upper,n_median,n_lower,n_upper,r_median,r_lower,r_upper,log_sigma_median,log_sigma_lower,log_sigma_upper
DSC,DAP,33,7.778453926387384e-05,1.3998742793440678e-05,0.0001093468996254695,0.0010008837796799935,0.00042577795747083657,0.0010434431804399167,0.856045469944015,0.3667566532564035,0.8778451085192658,1.6758072259886532,1.6189921297960204,1.6979821817115885,0.20754126442586643,0.20750049288877886,0.20988016026618367,0.0007637705642598566,1.8577573299263832e-07,0.002047388964704821
