Method,Sample,Temp_C,log_k1_median,log_k1_lower,log_k1_upper,log_k2_median,log_k2_lower,log_k2_upper,m_median,m_lower,m_upper,n_median,n_lower,n_upper,log_sigma_median,log_sigma_lower,log_sigma_upper
NMR,DAB,33,9.626074972532292e-08,1.4076496315133718e-10,6.229546641636034e-05,0.00047739449950169106,0.0003732406833920816,0.0009245601475040805,0.24805958702116965,0.2224789637763892,0.4416623243726898,1.1525865951335217,1.0730898750384275,1.2616156647823746,0.0003927524748415332,0.0003368585446162469,0.0004689410704194905
