Method,Sample,Temp_C,log_k1_median,log_k1_lower,log_k1_upper,log_k2_median,log_k2_lower,log_k2_upper,m_median,m_lower,m_upper,n_median,n_lower,n_upper,r_median,r_lower,r_upper,log_sigma_median,log_sigma_lower,log_sigma_upper
DSC,EDA,25,3.576234752264608e-05,3.559645646251641e-05,3.5933539143181925e-05,0.0002656437149460701,0.0002594418020231179,0.00027226793395133074,1.5880897243840209,1.5723631688996187,1.604437141796236,1.4792595626497502,1.468311551109871,1.4906813701135757,0.788828908127421,0.7883885212891046,0.7892854014870533,0.004203848129101043,0.004161343468999013,0.004247259072798522
