Method,Sample,Temp_C,log_k1_median,log_k1_lower,log_k1_upper,log_k2_median,log_k2_lower,log_k2_upper,m_median,m_lower,m_upper,n_median,n_lower,n_upper,log_sigma_median,log_sigma_lower,log_sigma_upper
NMR,DAP,33,0.0003439463717597333,0.00024501524582675724,0.000416612656731629,0.1790941256321663,0.03422144280089211,0.3088041296873021,1.7306214822067623,1.3964644669123363,1.8819317838464578,1.7289274247126984,1.5320902103046656,1.8555034765288387,0.00036253561336333157,0.0003115440244135886,0.0004292916203064161
