Method,Sample,Temp_C,log_k1_median,log_k1_lower,log_k1_upper,log_k2_median,log_k2_lower,log_k2_upper,m_median,m_lower,m_upper,n_median,n_lower,n_upper,log_sigma_median,log_sigma_lower,log_sigma_upper
DSC,DAB,50,0.00019803793568256602,3.767901003670466e-10,0.00019985066192320037,0.0010657594471944255,0.0008151574362347003,0.001074720499863498,0.8301620131148554,0.33389240384361557,0.8389827425470128,1.362930770253909,1.1698240581395754,1.3665802478607838,0.0022261286980873253,0.002194773111668469,0.0036943153394303277
