Method,Sample,Temp_C,log_k1_median,log_k1_lower,log_k1_upper,log_k2_median,log_k2_lower,log_k2_upper,m_median,m_lower,m_upper,n_median,n_lower,n_upper,r_median,r_lower,r_upper,log_sigma_median,log_sigma_lower,log_sigma_upper
DSC,DAB,60,0.00043644194082641176,1.390381233775427e-06,0.0008798773248856641,0.002601694693010846,3.3814583542618493e-06,0.0027555170393433505,1.1416054318459952,0.11941185615208849,1.5516724620284525,1.528358412682473,0.8246627316362289,1.556682371695529,0.8993586002238787,0.8573720930107281,0.959377011158058,0.002902159277912342,0.0028374542251405725,0.11552746983978622
