Method,Sample,Temp_C,log_k1_median,log_k1_lower,log_k1_upper,log_k2_median,log_k2_lower,log_k2_upper,m_median,m_lower,m_upper,n_median,n_lower,n_upper,log_sigma_median,log_sigma_lower,log_sigma_upper
DSC,DAB,80,0.0008508683563663364,0.0008241256232432387,0.0008752937233065273,0.004400127931362863,0.004381418260573085,0.004420048870619765,0.5317560562842027,0.5208906795200744,0.5419712400937367,1.3282472633414342,1.3249978511919904,1.3315255266195352,0.0016538273379600435,0.0016206170901501764,0.001689774653394185
