Method,Sample,Temp_C,log_k1_median,log_k1_lower,log_k1_upper,log_k2_median,log_k2_lower,log_k2_upper,m_median,m_lower,m_upper,n_median,n_lower,n_upper,log_sigma_median,log_sigma_lower,log_sigma_upper
DSC,EDA,60,8.995040989054054e-08,1.1150888682395796e-08,2.2911991845095096e-06,0.001137976343030732,0.001136621801911513,0.00220812680912234,0.3573130880020721,0.35686570917708926,0.6027317038711129,1.6023898969209216,1.601567919454075,1.7673741751371006,0.0011035419312028353,0.0010910962041492758,0.02090152676234488
