Method,Sample,Temp_C,log_k1_median,log_k1_lower,log_k1_upper,log_k2_median,log_k2_lower,log_k2_upper,m_median,m_lower,m_upper,n_median,n_lower,n_upper,log_sigma_median,log_sigma_lower,log_sigma_upper
DSC,DAB,60,0.0004045716004793627,0.00040051960369078834,0.0004083870716509487,0.002364768218360093,0.0023360425617094285,0.0023926318424434606,1.0251722967672083,1.0116032649952647,1.037728642884019,1.4994507494469962,1.4943835643742858,1.5043135292156755,0.0029998534216416728,0.0029605646484264503,0.0030400233513597106
