Method,Sample,Temp_C,log_k1_median,log_k1_lower,log_k1_upper,log_k2_median,log_k2_lower,log_k2_upper,m_median,m_lower,m_upper,n_median,n_lower,n_upper,log_sigma_median,log_sigma_lower,log_sigma_upper
NMR,EDA,25,1.4695053979691511e-08,1.2854773445364452e-10,2.8753131876008533e-06,0.00045883221641725396,0.0003396297281293177,0.0006246213705286711,0.3605499137169701,0.3369639803894253,0.39171610038791765,1.4608896146216526,1.378174360341754,1.5428115877449278,0.00011831607506150468,9.299663487729878e-05,0.00015738448673205147
