Method,Sample,Temp_C,log_k1_median,log_k1_lower,log_k1_upper,log_k2_median,log_k2_lower,log_k2_upper,m_median,m_lower,m_upper,n_median,n_lower,n_upper,r_median,r_lower,r_upper,log_sigma_median,log_sigma_lower,log_sigma_upper
DSC,DAB,25,2.6258182818003725e-05,2.6015015099362286e-05,3.099587982722969e-05,0.0003835101807956888,6.540586170126917e-07,0.00038562213422431907,1.5052744050860378,0.8669206080113941,1.9440605998914342,1.220362664901141,0.20850750565909656,1.221383399076903,0.6066347975922575,0.6065000237036048,0.662337007046517,0.0027303626436937845,0.0026626479567097377,0.028650194749298922
