Method,Sample,Temp_C,log_k1_median,log_k1_lower,log_k1_upper,log_k2_median,log_k2_lower,log_k2_upper,m_median,m_lower,m_upper,n_median,n_lower,n_upper,r_median,r_lower,r_upper,log_sigma_median,log_sigma_lower,log_sigma_upper
DSC,DAB,50,0.00019696397260296968,1.5163019254473577e-08,0.0003733545403310054,0.0010477041132858028,0.000551183005101756,0.014260449502419986,0.8186460471983906,0.44587642646401726,2.9549616412904545,1.3495542610936564,0.7970323689050598,1.5564272478643764,0.8298785964052422,0.7599749535724717,0.8648495728874873,0.002107104510344932,0.0020480691019572044,0.6819975243241038
