Method,Sample,Temp_C,log_k1_median,log_k1_lower,log_k1_upper,log_k2_median,log_k2_lower,log_k2_upper,m_median,m_lower,m_upper,n_median,n_lower,n_upper,r_median,r_lower,r_upper,log_sigma_median,log_sigma_lower,log_sigma_upper
DSC,DAP,25,2.792445349157905e-05,2.7877858056875892e-05,4.996934398806596e-05,0.00022748430506548345,1.4485255518975722e-07,0.00023042724988404814,1.0923202491497235,0.7936058862955053,2.2418818328571324,1.1661389540630942,0.69304657923306,1.9496532255675418,0.5581966726602223,0.5451586997681989,0.6147911025100193,0.001736775099898827,0.0017126998586977232,0.030631202767566815
