Method,Sample,Temp_C,log_k1_median,log_k1_lower,log_k1_upper,log_k2_median,log_k2_lower,log_k2_upper,m_median,m_lower,m_upper,n_median,n_lower,n_upper,r_median,r_lower,r_upper,log_sigma_median,log_sigma_lower,log_sigma_upper
NMR,DAB,25,2.157013143742197e-06,1.3287857376430958e-08,,0.0005081123747243377,1.6946333937165345e-05,0.0012140211092786684,0.35191601541278167,0.2743900763516495,0.6325035630594095,1.5225655590720328,1.2756555628052701,1.632770372322721,0.03422831246701291,0.034051471779745324,0.034417019269149945,0.000217647599588722,8.109966167997056e-05,0.0011924992271999976
