Method,Sample,Temp_C,log_k1_median,log_k1_lower,log_k1_upper,log_k2_median,log_k2_lower,log_k2_upper,m_median,m_lower,m_upper,n_median,n_lower,n_upper,log_sigma_median,log_sigma_lower,log_sigma_upper
NMR,EDA,25,1.5193771657651174e-08,1.2783784897285326e-10,3.6435613818754248e-06,0.000461504473490859,0.00034093542139379665,0.0006342082781728625,0.3607759142824176,0.3371520592200155,0.39611223653607897,1.4627378774602484,1.380160904249857,1.5454259070831322,0.00011770319203191375,9.325233240176966e-05,0.00015663744098423245
