Method,Sample,Temp_C,log_k1_median,log_k1_lower,log_k1_upper,log_k2_median,log_k2_lower,log_k2_upper,m_median,m_lower,m_upper,n_median,n_lower,n_upper,log_sigma_median,log_sigma_lower,log_sigma_upper
DSC,EDA,25,3.476315851798421e-05,3.4622006834094795e-05,3.491106434179656e-05,0.00022074678638485715,0.00021729058518699592,0.00022449303531505476,1.48189602430163,1.4697290024835863,1.4951363911486637,1.384175181024308,1.3783810213565615,1.3902484350391242,0.004258898107139933,0.004215487274293172,0.004303000601335414
