Method,Sample,Temp_C,log_k1_median,log_k1_lower,log_k1_upper,log_k2_median,log_k2_lower,log_k2_upper,m_median,m_lower,m_upper,n_median,n_lower,n_upper,r_median,r_lower,r_upper,log_sigma_median,log_sigma_lower,log_sigma_upper
DSC,EDA,33,1.5087178867116242e-05,1.4605292752143044e-25,5.5988476645038265e-05,0.0002915860364737226,0.00021043379215861274,0.0006463634826465244,0.43215814947391445,0.30913459436177404,1.466222520842358,1.176666555565507,1.0713604344762013,1.2511915742985145,0.15152860226589177,0.15108947154724028,0.16117701039295,0.00037386956375100067,0.0001553896322935843,0.011738760575915844
