sample,temp,scan,timestamp,A,A_err,T2,T2_err,beta,beta_err,elapsed_min
EDA,25C,1,2020-02-27 19:45:58,18.53138728105691,0.13468771369043692,0.012806773440736567,0.0001911128412771859,0.5943188473945937,0.004429083798695692,0.0
EDA,25C,2,2020-02-27 19:53:50,18.24493960481605,0.13108319673377333,0.01326426495320992,0.00019118259410198424,0.615159134209519,0.004668444622577154,7.866666666666666
EDA,25C,3,2020-02-27 20:01:42,18.01840875305413,0.1307093389495415,0.012859679953323022,0.00018323500862713174,0.6345901608547931,0.004992974749839875,15.733333333333333
EDA,25C,4,2020-02-27 20:09:34,17.798640247944714,0.1317830106353353,0.012030202777317952,0.00017299140313433255,0.6451255650850429,0.005252680777958015,23.6
EDA,25C,5,2020-02-27 20:17:26,17.95947002997629,0.13644963885145117,0.010829725147883974,0.00015960233676950132,0.6460956634696541,0.0054021017202321555,31.466666666666665
EDA,25C,6,2020-02-27 20:25:18,17.541617333831386,0.13705104031611404,0.010374454749400802,0.0001529766163293883,0.6725296097454242,0.005983388176808459,39.333333333333336
EDA,25C,7,2020-02-27 20:33:10,17.428103456649115,0.14340995316001737,0.00937755380244343,0.00014505919273548128,0.676214011276782,0.006362357859395001,47.2
EDA,25C,8,2020-02-27 20:41:02,17.535003483496883,0.15321845507751974,0.00817932903486811,0.00013378314699153285,0.6800879475896866,0.0068221426720996015,55.06666666666667
EDA,25C,9,2020-02-27 20:49:00,17.41674038320381,0.11485229082566177,0.007216202819052255,8.832094616076163e-05,0.6882419646116341,0.005259064410053616,63.03333333333333
EDA,25C,10,2020-02-27 20:57:00,17.336485304935312,0.12236553406480612,0.006259227054857177,8.16034918732066e-05,0.6926203587320574,0.0056889045691953756,71.03333333333333
EDA,25C,11,2020-02-27 21:04:58,17.14919463036651,0.1311467081278238,0.005376207321366424,7.550800552215533e-05,0.6978371816090452,0.006241165316963099,79.0
EDA,25C,12,2020-02-27 21:12:56,17.196254490752658,0.15049352621763862,0.004405032992213791,7.092358678899962e-05,0.6951342300774749,0.007075397451961777,86.96666666666667
EDA,25C,13,2020-02-27 21:20:54,17.32640871174049,0.16592684157027215,0.0035480756309535584,6.292578343220013e-05,0.6872236553823841,0.007557456679889121,94.93333333333334
EDA,25C,14,2020-02-27 21:28:52,17.028675815608963,0.18478480089310576,0.0028740821364659137,5.7714185767005975e-05,0.686521927402328,0.008517356019596668,102.9
EDA,25C,15,2020-02-27 21:36:50,17.02875038660947,0.2153062530371894,0.0022188088639920438,5.191158487281886e-05,0.6843395158627044,0.00981262032248572,110.86666666666666
EDA,25C,16,2020-02-27 21:44:48,16.915778928629898,0.25446907135365615,0.0016896130560515575,4.719981940445539e-05,0.6777909526794692,0.01138499913739421,118.83333333333333
EDA,25C,17,2020-02-27 21:52:50,17.0851297310031,0.17613727268046092,0.0012403054796397523,2.395634618820418e-05,0.6646718711469859,0.007443170789372037,126.86666666666666
EDA,25C,18,2020-02-27 22:00:54,16.981574855897733,0.2008145113311757,0.0008984483675061556,1.9798996556779026e-05,0.6638210643601292,0.008391584016148309,134.93333333333334
EDA,25C,19,2020-02-27 22:08:56,16.3212785848405,0.23030204519899802,0.0006872150011525474,1.7628535686546646e-05,0.6814811495213112,0.010345622536193875,142.96666666666667
EDA,25C,20,2020-02-27 22:16:58,16.343742380753014,0.2954269343632824,0.0004937940207748729,1.621472757710762e-05,0.6716134287774077,0.012575162289244322,151.0
EDA,25C,21,2020-02-27 22:25:02,16.261346961125273,0.3950429414775264,0.0003486820918836007,1.5259632252140627e-05,0.6652965649391469,0.016035747915314636,159.06666666666666
EDA,25C,22,2020-02-27 22:33:04,15.457134519943715,0.46945774731157425,0.0002662822131175843,1.3901516265247445e-05,0.6963524255226926,0.021024836288116754,167.1
EDA,25C,23,2020-02-27 22:41:08,14.082651353955844,0.5746318447389648,0.00021596012119304246,1.4474400575661255e-05,0.7276144604990206,0.029550044690249327,175.16666666666666
EDA,25C,24,2020-02-27 22:49:10,14.022306759906337,0.8362158416971568,0.00015268441570115377,1.4690801049050473e-05,0.7164925170907337,0.039234768556370536,183.2
EDA,25C,25,2020-02-27 22:56:54,13.572004273093249,0.8613943638420725,0.0001225553263712849,1.2301906786413753e-05,0.7143100603995579,0.039420130690810844,190.93333333333334
EDA,25C,26,2020-02-27 23:04:40,11.860996905845111,0.8966157263750397,0.00011013751058542692,1.232895568384485e-05,0.7665682010911735,0.05124411980498222,198.7
EDA,25C,27,2020-02-27 23:12:24,10.14684757392456,0.9844527230990678,0.00010376625412281895,1.3513660438945404e-05,0.8630377351287585,0.07847210916411598,206.43333333333334
EDA,25C,28,2020-02-27 23:20:10,9.074731583560414,1.043961571245201,9.429026354746676e-05,1.3986146671071662e-05,0.892836405306396,0.0949695576752565,214.2
EDA,25C,29,2020-02-27 23:27:54,7.255606894805654,0.7963695966742099,0.00010149388983355796,1.3324749339644154e-05,0.999999999999994,0.11267511248393036,221.93333333333334
EDA,25C,30,2020-02-27 23:35:38,6.621744992079704,0.9722747363102883,9.415663408083847e-05,1.6605704264700066e-05,0.9786999781426294,0.1408543837510661,229.66666666666666
EDA,25C,31,2020-02-27 23:43:24,6.437338105660848,1.046585481080574,9.115064391399495e-05,1.741157084257243e-05,0.9999999999999911,0.1593162706565857,237.43333333333334
EDA,25C,32,2020-02-27 23:51:08,5.69932606423824,1.066566794608501,8.952126065758456e-05,1.962141481437498e-05,0.9999999999999952,0.1818842031945343,245.16666666666666
EDA,25C,33,2020-02-27 23:58:54,4.639511062533108,0.7797885865894144,0.00010300816055316629,2.0757433953431614e-05,0.9999999999999996,0.17359582502041954,252.93333333333334
EDA,25C,34,2020-02-28 00:06:40,4.583670786501548,0.8694407488045646,0.00010169227800048574,2.3079577065392298e-05,0.9999999999999998,0.19487879765087784,260.7
EDA,25C,35,2020-02-28 00:14:24,4.452991845044415,0.8850021691944364,0.00010080580139193912,2.393778739379224e-05,0.9999999999999983,0.20344760565483258,268.43333333333334
EDA,25C,36,2020-02-28 00:22:10,4.181311808695186,0.7248212553676959,0.00010927042882131058,2.2917261201303334e-05,0.9999999999999999,0.1833107475792023,276.2
EDA,25C,37,2020-02-28 00:29:54,3.366573123153758,0.613221187442905,0.0001234780070093196,2.769271436879048e-05,0.9999999999999964,0.201532499493984,283.93333333333334
EDA,25C,38,2020-02-28 00:37:40,3.492728953559762,0.609528722911477,0.00012561992874984438,2.70549502660555e-05,0.9999999999999928,0.19424392345251343,291.7
EDA,25C,39,2020-02-28 00:45:26,3.489742022543069,0.6267784748901764,0.0001206845880122566,2.660426033443393e-05,0.9999999999900145,0.19711228332295957,299.46666666666664
EDA,25C,40,2020-02-28 00:53:12,3.5058980481234396,0.6367298533965446,0.00012240749647101216,2.7339656214481314e-05,0.999999999999873,0.20032701699115185,307.23333333333335
EDA,25C,41,2020-02-28 01:00:56,3.854323581049485,0.7296384287759244,0.00011196160179785296,2.5736137248618746e-05,0.9999999996404065,0.20207097037448363,314.96666666666664
EDA,25C,42,2020-02-28 01:08:42,3.423880707821118,0.5997140970032613,0.00012855693818166508,2.7875238294582705e-05,0.9999999999999355,0.19650775389882283,322.73333333333335
EDA,25C,43,2020-02-28 01:16:28,3.0554629921685343,0.5609461520504627,0.00013739978313454977,3.205915722560963e-05,0.9760329738010415,0.20160216566553832,330.5
EDA,25C,44,2020-02-28 01:24:14,3.0406293743677697,0.5635345094986203,0.0001327688236059561,3.0589840296437306e-05,0.9999999999998803,0.21017877123020698,338.26666666666665
EDA,25C,45,2020-02-28 01:32:00,3.1357258884502204,0.5635021218962422,0.00013199697861221804,2.946582524113515e-05,0.9999999999998903,0.20340100037277378,346.03333333333336
EDA,25C,46,2020-02-28 01:39:46,3.0824437763371524,0.6094225513063585,0.00012564846678106493,3.065862915165263e-05,0.9999999999998559,0.22007748424137497,353.8
EDA,25C,47,2020-02-28 01:47:32,2.605569971931416,0.4292374739654956,0.00016239128701845922,3.406375980979766e-05,0.9999999999999319,0.19850918111217147,361.56666666666666
EDA,25C,48,2020-02-28 01:55:18,3.400081941049678,0.6173148560127224,0.00011935414080173554,2.655593991964983e-05,0.9999999999981719,0.19846245494417528,369.3333333333333
EDA,25C,49,2020-02-28 02:03:04,3.2892775671236794,0.6187010857947656,0.00012215634449460138,2.824898526482523e-05,0.9999999999762883,0.20732334477980435,377.1
EDA,25C,50,2020-02-28 02:10:50,2.9654918510824806,0.5484752449117205,0.00013280781460707757,3.053686307889214e-05,0.9999999999351173,0.20976552551232688,384.8666666666667
EDA,25C,51,2020-02-28 02:18:36,3.2858594749986807,0.6486818529725575,0.0001202235852733602,2.911520129086131e-05,0.9999999995537621,0.21636132185235088,392.6333333333333
EDA,25C,52,2020-02-28 02:26:22,3.3933484925229456,0.7117181908946979,0.00011477477046687951,2.9336900721428858e-05,0.9999999998612868,0.22599293289241942,400.4
EDA,25C,53,2020-02-28 02:34:08,3.1501228898808584,0.5679100546270889,0.0001270231436975953,2.830350712887939e-05,0.9999999998295516,0.20143288022025174,408.1666666666667
EDA,25C,54,2020-02-28 02:41:54,2.905568401060249,0.5890772075620078,0.00012477468154702427,3.119110933586277e-05,0.9999999999999999,0.22513467128185222,415.93333333333334
EDA,25C,55,2020-02-28 02:49:42,2.216100705188434,0.7076537013054847,0.0001080186301937899,4.1659692018948156e-05,0.9999999998873215,0.3361568184426215,423.73333333333335
EDA,25C,56,2020-02-28 02:57:28,2.899135952146068,0.561331944223039,0.00013122190198029972,3.1537184049540724e-05,0.9999999999999182,0.2187246816017706,431.5
EDA,25C,57,2020-02-28 03:05:14,2.704334649012411,0.4718656832615289,0.00014561678762460282,3.195036300474077e-05,0.9999999999952854,0.2037388365761234,439.26666666666665
EDA,25C,58,2020-02-28 03:13:00,2.9445586429590547,0.541090977852305,0.0001338198621764688,3.0600918082416715e-05,0.999999999990655,0.208932467277554,447.03333333333336
EDA,25C,59,2020-02-28 03:20:48,2.892620526925792,0.6077151404172254,0.00012364859094909697,3.199089100751e-05,0.9999999999760578,0.23255994185316195,454.8333333333333
EDA,25C,60,2020-02-28 03:28:34,2.908334990336738,0.576465395623135,0.0001305106124164526,3.208725018050471e-05,0.999999999760994,0.22350536664492565,462.6
EDA,25C,61,2020-02-28 03:36:20,2.80416589794101,0.6778622588188532,0.00011766972909887227,3.4788790049890756e-05,0.9999999999924901,0.26287777218184893,470.3666666666667
EDA,25C,62,2020-02-28 03:44:08,2.670297138032974,0.5879501487436098,0.00012802182577533865,3.487567283146801e-05,0.9999999999936041,0.2466720708150625,478.1666666666667
EDA,25C,63,2020-02-28 03:51:54,2.842294469663691,0.5360199464080255,0.00012933016979448848,3.0217080000540574e-05,0.99999999999951,0.2120050276857561,485.93333333333334
EDA,25C,64,2020-02-28 03:59:42,3.093271785941842,0.6427850145792997,0.00012026291491738633,3.065819210394788e-05,0.9999999999643348,0.22776948743515238,493.73333333333335
EDA,25C,65,2020-02-28 04:07:28,2.8808295242393362,0.6474186595643864,0.00012295921002383907,3.4003658358092156e-05,0.999999999999965,0.24827936781199336,501.5
EDA,25C,66,2020-02-28 04:15:16,2.7860060753207336,0.7018073177146934,0.00013210197094012612,4.134156917506674e-05,0.9999999999994884,0.2851975200244431,509.3
EDA,25C,67,2020-02-28 04:23:02,2.8978344948757746,0.5797448708741563,0.0001266684609889291,3.1309417205771024e-05,0.9999999999999999,0.22331878962714813,517.0666666666667
EDA,25C,68,2020-02-28 04:30:50,2.8542210181849774,0.5625625561448575,0.00013119330227490963,3.2095784035562246e-05,0.9999999999982846,0.22263751044330768,524.8666666666667
EDA,25C,69,2020-02-28 04:38:38,3.220204955799367,0.6646397840149265,0.00011779939949936234,2.9740651928210807e-05,0.9999999999999585,0.22454007629905234,532.6666666666666
EDA,25C,70,2020-02-28 04:46:24,3.2376808795367484,0.647576995288944,0.00012013417040182584,2.947312899333724e-05,0.9999999999999959,0.2191483105580596,540.4333333333333
EDA,25C,71,2020-02-28 04:54:12,3.128784017688251,0.7726944152034068,0.00010859848578750786,3.2418581474289034e-05,0.9999999999864677,0.2605285895752638,548.2333333333333
EDA,25C,72,2020-02-28 05:02:00,3.143393212554587,0.7165523038217927,0.00010847561697205536,2.9884436237872954e-05,0.9999999999993552,0.2403697220358144,556.0333333333333
EDA,25C,73,2020-02-28 05:09:46,2.930498022469993,0.5782730172447351,0.00012812050206349802,3.1283269853645524e-05,0.9999999999272616,0.2211283021149924,563.8
EDA,25C,74,2020-02-28 05:17:34,2.8339805240940614,0.6445047364328836,0.0001186618195722532,3.3043967316143495e-05,0.9999999999999976,0.24807028406735135,571.6
EDA,25C,75,2020-02-28 05:25:22,2.980409607581933,0.6299390650688211,0.00011996315229198198,3.109470672621245e-05,0.9999999999171846,0.2314626019217443,579.4
EDA,25C,76,2020-02-28 05:33:10,3.045888545228618,0.6188522329485359,0.00012487675195596638,3.128713641667468e-05,0.9999999999964447,0.22568240249385632,587.2
EDA,25C,77,2020-02-28 05:40:56,2.6469120518755553,0.5047980966874672,0.00013697746756567898,3.2604362613298026e-05,0.9999999999995922,0.21848062706693855,594.9666666666667
EDA,25C,78,2020-02-28 05:48:44,2.432033485844734,0.6205674831211059,0.00012241639845347313,3.844231613564099e-05,0.999013270076399,0.28096975430465526,602.7666666666667
EDA,25C,79,2020-02-28 05:56:32,3.0396170899341852,0.6795623819104892,0.00011817132883338906,3.233112376372954e-05,0.9999999999998587,0.2435013073126634,610.5666666666667
EDA,25C,80,2020-02-28 06:04:20,2.9632065503612073,0.6639463643551738,0.00011563741902749137,3.161013772875457e-05,0.9999999999987382,0.2421017483532298,618.3666666666667
EDA,25C,81,2020-02-28 06:12:08,3.054464702054584,0.6010945622445945,0.00011982660233433256,2.891397896398646e-05,0.9999999999980761,0.21542089483203705,626.1666666666666
EDA,25C,82,2020-02-28 06:19:56,2.8605055449953003,0.557303996291542,0.00013032487196379085,3.148862667110448e-05,0.9999999984685144,0.21958442072884474,633.9666666666667
EDA,25C,83,2020-02-28 06:27:44,2.7285250650321213,0.5080872263951893,0.000129605432193984,2.9908568603238907e-05,0.9999999999912095,0.20948627217781404,641.7666666666667
EDA,25C,84,2020-02-28 06:35:32,2.8920622148861024,0.5642448979089486,0.00012543621081702026,3.0196474976999847e-05,0.9999999999721026,0.2170492181927414,649.5666666666667
EDA,25C,85,2020-02-28 06:43:20,2.7028810930956735,0.520232192902738,0.0001377575981908719,3.311642576957673e-05,0.9999999999997634,0.2208987265015069,657.3666666666667
EDA,25C,86,2020-02-28 06:51:08,3.057221401992023,0.6579093238120818,0.00011721862335551968,3.083442006280801e-05,0.9999999997042226,0.23369202072817236,665.1666666666666
EDA,25C,87,2020-02-28 06:58:56,2.8450476731030627,0.636992682971462,0.00011558678087864965,3.157058655743172e-05,0.9999999999999903,0.2418806299544676,672.9666666666667
EDA,25C,88,2020-02-28 07:06:46,2.9341442216550964,0.6339583143164456,0.00012124886375348618,3.2174845681377276e-05,0.9999999999234269,0.23751773163052098,680.8
EDA,25C,89,2020-02-28 07:14:34,2.7408143206820186,0.5238091391599974,0.00013377692648637953,3.181417207229347e-05,0.9999999998977157,0.21727197869594825,688.6
EDA,25C,90,2020-02-28 07:22:22,2.522744504379515,0.5252739460592152,0.00013311473268752717,3.44673737350924e-05,0.9999999999998005,0.2363285520582567,696.4
EDA,25C,91,2020-02-28 07:30:10,2.7193516255884727,0.6392688885595799,0.00011951235740292537,3.4436455501048176e-05,0.9999999999996126,0.2570911066603702,704.2
EDA,25C,92,2020-02-28 07:38:00,2.5226265479772065,0.5048956114573523,0.00014105330525964165,3.5364046520613414e-05,0.9999999999999644,0.23142493002267692,712.0333333333333
EDA,25C,93,2020-02-28 07:45:48,2.8257763583217903,0.6087881064635704,0.00013062997449028968,3.7470569930835584e-05,0.9085309986499533,0.20522024692233892,719.8333333333334
EDA,25C,94,2020-02-28 07:53:36,2.980900908127998,0.6255508536203487,0.00013002509443351226,3.554820495817631e-05,0.9349243521661097,0.20986652603187553,727.6333333333333
DAP,25C,1,2020-02-26 12:43:10,18.67288372379182,0.11223418717781886,0.018384539355351073,0.00022625314336900698,0.5976934730731701,0.0037208372681813108,0.0
DAP,25C,2,2020-02-26 12:51:02,18.360529829136844,0.10797788223327086,0.017580291226651952,0.00020625842830289688,0.6208145091097007,0.0038967919946390106,7.866666666666666
DAP,25C,3,2020-02-26 12:58:54,17.956544990704963,0.10884805607985902,0.01607937918470121,0.0001891186716170667,0.6465233946931608,0.004324443349177526,15.733333333333333
DAP,25C,4,2020-02-26 13:06:46,17.94381348821466,0.11636513754597669,0.013651029619920084,0.0001698860367173483,0.6567984646473202,0.004759373692534042,23.6
DAP,25C,5,2020-02-26 13:14:38,17.821329890784448,0.12367581752608922,0.011275253242215734,0.00014781338649673712,0.6718052453822505,0.005306385947572238,31.466666666666665
DAP,25C,6,2020-02-26 13:22:30,17.680994339542085,0.1365790217117364,0.009301846422881887,0.00013414004323153683,0.6831029199267069,0.006085700176782903,39.333333333333336
DAP,25C,7,2020-02-26 13:30:22,17.74621619514124,0.15741215058849387,0.007203938137033927,0.00011988822250552708,0.677436216545547,0.006869150434604672,47.2
DAP,25C,8,2020-02-26 13:38:14,17.61072159322469,0.17563275436611553,0.005549429969743928,0.00010300355128174407,0.6845372269805635,0.007856300817263916,55.06666666666667
DAP,25C,9,2020-02-26 13:46:12,17.57386489368407,0.15310279194746337,0.004002139557408674,6.586578344088758e-05,0.6682196568552445,0.00653739028958465,63.03333333333333
DAP,25C,10,2020-02-26 13:54:10,17.48946855967242,0.1859552418698321,0.002791390531833119,5.619693550481992e-05,0.6636188584102414,0.007831093888997135,71.0
DAP,25C,11,2020-02-26 14:02:08,17.600033423984943,0.24395436868730244,0.0017976734343388364,4.802058644912165e-05,0.6426034260805155,0.009516701926257087,78.96666666666667
DAP,25C,12,2020-02-26 14:10:06,17.595187806649825,0.32108859604613527,0.0011544642333210227,4.0728023424512195e-05,0.6336305987718713,0.012018227010863554,86.93333333333334
DAP,25C,13,2020-02-26 14:18:04,17.39256225813489,0.44783823440076975,0.0007240231853500991,3.606643652211266e-05,0.6236285010891094,0.01607256407428941,94.9
DAP,25C,14,2020-02-26 14:26:02,16.598490249273546,0.6017371011327908,0.0004727877019450168,3.248615373295913e-05,0.6300576730663003,0.02234120447695828,102.86666666666666
DAP,25C,15,2020-02-26 14:34:00,18.628946482316636,1.1348585265561102,0.0002348407372281912,2.8282930559190066e-05,0.56518160443394,0.028598601177025347,110.83333333333333
DAP,25C,16,2020-02-26 14:41:58,18.970630835052948,1.8882974966228345,0.00013828517822285217,2.6523419034047427e-05,0.556722834746027,0.04199208914361511,118.8
DAP,25C,17,2020-02-26 14:50:02,16.504587869980313,1.1808069156277503,0.00011500190623840805,1.4630476937671969e-05,0.6064110557266487,0.03347423186326185,126.86666666666666
DAP,25C,18,2020-02-26 14:58:04,14.38116974414468,1.3912127440961755,9.638814767528552e-05,1.515664769381224e-05,0.6650225623156364,0.05024070524953078,134.9
DAP,25C,19,2020-02-26 15:06:06,12.606722683380244,1.8284783503315247,7.918273505097236e-05,1.7092918907832077e-05,0.7197838533792035,0.08023272779214587,142.93333333333334
DAP,25C,20,2020-02-26 15:14:10,7.987547447969944,0.9564644870028526,0.00011266256718373126,1.6626842413365827e-05,0.9814953204503071,0.12404724814314434,151.0
DAP,25C,21,2020-02-26 15:22:12,7.38983017968342,1.3019918255035043,9.054385919471484e-05,1.8721365956215946e-05,0.9999999999999999,0.1721284524390003,159.03333333333333
DAP,25C,22,2020-02-26 15:30:14,5.935886821139023,1.2383960489463546,9.394589105861721e-05,2.3147941220987194e-05,0.9999999959701914,0.20721319027952131,167.06666666666666
DAP,25C,23,2020-02-26 15:38:18,5.545889361318424,1.28104851271086,9.397577687935994e-05,2.641581685357821e-05,0.9618130162570264,0.21512922147264518,175.13333333333333
DAP,25C,24,2020-02-26 15:46:20,5.326251479505501,1.3358673823658231,9.200418109596943e-05,2.715559984929205e-05,0.9999999999999752,0.24680501909706556,183.16666666666666
DAP,25C,25,2020-02-26 15:54:04,4.53760351075215,1.046798341495771,8.939736042694904e-05,2.4148753288894403e-05,0.9999999999998311,0.2240739489400189,190.9
DAP,25C,26,2020-02-26 16:01:48,3.875719854285691,0.6885218112100987,0.00011528317302489763,2.497447979369484e-05,0.9999999999997732,0.19173291370465678,198.63333333333333
DAP,25C,27,2020-02-26 16:09:34,3.978802750652459,0.7273552695526935,0.00011178697180253833,2.480847654285615e-05,0.9999999999999996,0.19502022509423309,206.4
DAP,25C,28,2020-02-26 16:17:18,3.079437024007698,0.6357685436651003,0.00012010558923450936,3.0414370671237892e-05,0.9999999999650203,0.22618891350551126,214.13333333333333
DAP,25C,29,2020-02-26 16:25:02,3.045463511302771,0.6633958433787119,0.00011606917170615638,3.086209552884279e-05,0.9999999999990157,0.23569281130657557,221.86666666666667
DAP,25C,30,2020-02-26 16:32:48,3.3574828619092383,0.5492772193672861,0.00012967168053599042,2.629142661869681e-05,0.9999999999999809,0.18407621930155907,229.63333333333333
DAP,25C,31,2020-02-26 16:40:32,3.314233570330599,0.5868913053788182,0.00012492634629023114,2.728118249307966e-05,0.9999999999981694,0.19672486039896472,237.36666666666667
DAP,25C,32,2020-02-26 16:48:18,2.9606099505342374,0.5340482260784192,0.00013039245854295383,2.917146439739044e-05,0.9999999999601386,0.2033418729185094,245.13333333333333
DAP,25C,33,2020-02-26 16:56:02,3.116134607996953,0.5904452498549685,0.00012727936421051488,2.9815590050459632e-05,0.9999999999999986,0.21185618871337253,252.86666666666667
DAP,25C,34,2020-02-26 17:03:48,3.4282776386043445,0.7636760757301866,0.00011196163228203366,3.0284274069342694e-05,0.9999999999999999,0.23778126758553816,260.6333333333333
DAP,25C,35,2020-02-26 17:11:32,3.315591044671298,0.6662789482811736,0.00011808698375492292,2.9036988591186148e-05,0.9999999999998319,0.218812882276977,268.3666666666667
DAP,25C,36,2020-02-26 17:19:18,3.392583100111519,0.7345066475169021,0.00011266159254655654,2.9645170583734904e-05,0.999999999998883,0.2316541630708048,276.1333333333333
DAP,25C,37,2020-02-26 17:27:02,3.345537784102157,0.708820386140999,0.00011044536120869622,2.835663320850809e-05,0.9999999999981521,0.22497866475947953,283.8666666666667
DAP,25C,38,2020-02-26 17:34:48,2.9555178632095664,0.688693412581409,0.00011590593763893779,3.296093956816714e-05,0.9999999999992962,0.2519955827443735,291.6333333333333
DAP,25C,39,2020-02-26 17:42:34,2.324333201686558,0.5599564583534975,0.0001318052185917787,4.018929031820813e-05,0.9746004934478684,0.2603775386031882,299.4
DAP,25C,40,2020-02-26 17:50:20,3.3884995714048896,0.7013778950495204,0.00011266277841009066,2.834252881002565e-05,0.9999999999994601,0.22147323304591626,307.1666666666667
DAP,25C,41,2020-02-26 17:58:04,3.465497256928578,0.667505750923218,0.00011174563871987104,2.6128293448034865e-05,0.999999999999993,0.2054534931287225,314.9
DAP,25C,42,2020-02-26 18:05:50,2.6402535923287354,0.6070798248544307,0.00012689190487057313,3.657956457506049e-05,0.9806395456228378,0.2480977128833307,322.6666666666667
DAP,25C,43,2020-02-26 18:13:36,2.8231765600263556,0.7054894833732046,0.00011075246524788193,3.355230488153546e-05,0.9999999999932399,0.2656370467266478,330.43333333333334
DAP,25C,44,2020-02-26 18:21:22,3.1601064512804466,0.6670957818648439,0.00011288716861624624,2.897151735310541e-05,0.9999999999999555,0.22604292730857195,338.2
DAP,25C,45,2020-02-26 18:29:06,3.179545137691895,0.6385851443399768,0.00012101017159395662,2.9841228753494795e-05,0.9999999999999034,0.22063031697728502,345.93333333333334
DAP,25C,46,2020-02-26 18:36:52,3.083326192656017,0.6234169950802657,0.0001200500787799235,2.9770184321280723e-05,0.999999999999991,0.2214779962171005,353.7
DAP,25C,47,2020-02-26 18:44:38,2.876287951714725,0.6189351978708252,0.00012298774569407433,3.2567571963664644e-05,0.9999999999999952,0.23775042341937813,361.46666666666664
DAP,25C,48,2020-02-26 18:52:24,2.9867512735385735,0.6743964337956253,0.00011947323646110963,3.306392094299757e-05,0.9999999999987086,0.24690717536916382,369.23333333333335
DAP,25C,49,2020-02-26 19:00:10,3.3631310684317532,0.7576221650749646,0.00010591216213146828,2.8729840144345392e-05,0.9999999998680419,0.23530296084130065,377.0
DAP,25C,50,2020-02-26 19:07:56,2.9414667170185083,0.6111740083604952,0.00011602059862284623,2.9423827659958265e-05,0.9999999999999999,0.22478152800818665,384.76666666666665
DAP,25C,51,2020-02-26 19:15:44,3.0581997357632025,0.6181520713506395,0.00012256345848944266,3.0471618398534013e-05,0.9999999998867527,0.2230532423089163,392.56666666666666
DAP,25C,52,2020-02-26 19:23:30,3.1890421838019662,0.6906409393378421,0.0001100802841975696,2.8875128046049303e-05,0.9999999999995259,0.2296715132967626,400.3333333333333
DAP,25C,53,2020-02-26 19:31:16,3.3196287943512077,0.6703122475904641,0.00011751644523179865,2.9016352453907146e-05,0.9999999999793131,0.2194807779252054,408.1
DAP,25C,54,2020-02-26 19:39:02,2.9398891520942034,0.7821562394044427,0.00010393121024315641,3.319816398157903e-05,0.9999999999998435,0.2757887464666201,415.8666666666667
DAP,25C,55,2020-02-26 19:46:48,3.1032908230408034,0.6456198683301219,0.00011879977164963435,3.026864355919734e-05,0.9999999999995758,0.22702993151582895,423.6333333333333
DAP,25C,56,2020-02-26 19:54:34,2.8083721093185687,0.6505480725270532,0.000119703180755453,3.3994981326020505e-05,0.9999999999998325,0.25347993375047007,431.4
DAP,25C,57,2020-02-26 20:02:22,2.85149106543016,0.6227353020730986,0.00011959819634125725,3.201748200130964e-05,0.9999999999783992,0.23889819599466341,439.2
DAP,25C,58,2020-02-26 20:10:08,3.357373756420185,0.7097915978916572,0.00010787440129884324,2.7538963078083675e-05,0.9999999999999999,0.2224402622918406,446.96666666666664
DAP,25C,59,2020-02-26 20:17:54,3.104758468539827,0.7089847931250143,0.00011652609254418687,3.2498668806940506e-05,0.9999999999980508,0.24743818295475956,454.73333333333335
DAP,25C,60,2020-02-26 20:25:40,2.9556710558873314,0.6375639475164434,0.00012478711871386915,3.318994256170147e-05,0.9999999999439974,0.23954327010404647,462.5
DAP,25C,61,2020-02-26 20:33:30,3.3743034002110277,0.7159088286654457,0.00010807687375526518,2.7696695963545773e-05,0.9999999998192991,0.22339645885933107,470.3333333333333
DAP,25C,62,2020-02-26 20:41:16,3.0251350547528157,0.6283205292880891,0.00012170133725118665,3.1060966620590805e-05,0.9999999999999999,0.22862788667442896,478.1
DAB,25C,1,2020-02-29 22:34:16,18.374915778495826,0.09802324866552575,0.022782146250603624,0.0002415468201892158,0.624948240620776,0.0035971514363067505,0.0
DAB,25C,2,2020-02-29 22:42:08,18.149457827543756,0.09455280097421884,0.022662540982722607,0.00023091715604897268,0.6396952575045497,0.0036614766811268098,7.866666666666666
DAB,25C,3,2020-02-29 22:50:00,18.108340856864203,0.09923588847358628,0.020907066630570802,0.0002220367716963135,0.6481504286140438,0.003937858541407479,15.733333333333333
DAB,25C,4,2020-02-29 22:57:54,18.011166625613534,0.10034851272566855,0.019345922273055465,0.00020590362781739652,0.6617642718399851,0.004154894545529898,23.633333333333333
DAB,25C,5,2020-02-29 23:05:46,17.72968021458184,0.10222268718115476,0.017855158098657262,0.00019377899841046728,0.6760880322861678,0.004470321415106069,31.5
DAB,25C,6,2020-02-29 23:13:38,18.00861140607996,0.10990619340063762,0.015459003790018066,0.00017801334746053772,0.6735226138529535,0.0046954544224373585,39.36666666666667
DAB,25C,7,2020-02-29 23:21:30,17.59676515422229,0.11259173919001594,0.01430823152349585,0.000168080826578164,0.7008718812636481,0.005297565504802017,47.233333333333334
DAB,25C,8,2020-02-29 23:29:22,17.778429434911835,0.12417189507496261,0.012172358079679316,0.0001577978998563836,0.6895001462483419,0.00560633209597439,55.1
DAB,25C,9,2020-02-29 23:37:20,17.663148373403157,0.09466944289777117,0.010526530454748897,0.00010388655328402768,0.6973245394312881,0.004392001543251815,63.06666666666667
DAB,25C,10,2020-02-29 23:45:18,17.587915628389624,0.10114186992197732,0.008927366216922167,9.410485347809423e-05,0.7015127007334184,0.004758678642244282,71.03333333333333
DAB,25C,11,2020-02-29 23:53:16,17.637577035103078,0.11474652110918883,0.007292504654012943,8.725708122742166e-05,0.6975079441525526,0.005319032343939115,79.0
DAB,25C,12,2020-03-01 00:01:14,17.746291912063427,0.13026150345696486,0.005797032958965312,7.885582017412498e-05,0.6890050593825001,0.005854939107852792,86.96666666666667
DAB,25C,13,2020-03-01 00:09:12,17.75811411510157,0.15059845390918522,0.0044958137018167935,7.143880322576401e-05,0.6768783304234961,0.006527487587431891,94.93333333333334
DAB,25C,14,2020-03-01 00:17:10,17.50762229977653,0.1708668740732819,0.003512918510573781,6.414194297365578e-05,0.677011228750617,0.00748955685368808,102.9
DAB,25C,15,2020-03-01 00:25:08,18.08500340801557,0.21542803905401356,0.0024168228244012932,5.548658885062957e-05,0.6454103732714764,0.00830634251049522,110.86666666666666
DAB,25C,16,2020-03-01 00:33:06,17.82241512662582,0.2600125300658388,0.0017615376826184222,4.9569253192132996e-05,0.6415678054560057,0.00998069861297065,118.83333333333333
DAB,25C,17,2020-03-01 00:41:08,17.339134774798616,0.16636684543386784,0.0012910318016712728,2.3495949237576283e-05,0.6533916421986954,0.006720778653843507,126.86666666666666
DAB,25C,18,2020-03-01 00:49:12,17.66068041985823,0.22859148513223967,0.0008357706618625436,2.0754130633631267e-05,0.6346208129822474,0.00841609681952345,134.93333333333334
DAB,25C,19,2020-03-01 00:57:14,17.346781963704398,0.28235067285651183,0.0005684033370412604,1.7619116864516608e-05,0.6315902285784348,0.010228977383531452,142.96666666666667
DAB,25C,20,2020-03-01 01:05:24,16.924941104665695,0.3788897612038816,0.00038724179403117276,1.603749392900418e-05,0.6448859373030457,0.014122974546471151,151.13333333333333
DAB,25C,21,2020-03-01 01:13:28,16.800191463652492,0.5334572570938344,0.00025348973169189194,1.4509008145893371e-05,0.6483001852971261,0.01919909797594437,159.2
DAB,25C,22,2020-03-01 01:21:30,16.111650959407292,0.6871362371317803,0.00018062796700981642,1.3310403356321242e-05,0.6653926483382896,0.025546473574130334,167.23333333333332
DAB,25C,23,2020-03-01 01:29:32,14.413231892060827,0.9365525443524192,0.0001394598753173691,1.4782177993020759e-05,0.6976622288235897,0.040024905606478964,175.26666666666668
DAB,25C,24,2020-03-01 01:37:36,13.590258580135535,1.2539536946276693,0.0001050958819769116,1.453091561498085e-05,0.7490353944350073,0.059394943483033064,183.33333333333334
DAB,25C,25,2020-03-01 01:45:20,10.632351480219311,0.9045638256296153,0.00010536595985633662,1.2269777185422166e-05,0.8435895730560584,0.06661117381409835,191.06666666666666
DAB,25C,26,2020-03-01 01:53:04,9.613616033234088,1.1735857352698282,8.92715575593855e-05,1.4124157479894192e-05,0.8771379047481325,0.0958555561924946,198.8
DAB,25C,27,2020-03-01 02:00:50,7.2718160162102725,0.9416019018038362,9.582355869849688e-05,1.4702894831551035e-05,0.9999999999961127,0.12972579634627693,206.56666666666666
DAB,25C,28,2020-03-01 02:08:34,6.489327859706563,1.0075279888285638,9.237996308179495e-05,1.689079119632142e-05,0.9999999999845325,0.15306000362970174,214.3
DAB,25C,29,2020-03-01 02:16:20,5.934947542285704,0.9687849079121243,9.116015320241102e-05,1.748369491039751e-05,0.9999999999985711,0.1599641544087769,222.06666666666666
DAB,25C,30,2020-03-01 02:24:04,4.603764080663576,0.9493365099530396,9.123339575465431e-05,2.2107478085504965e-05,0.9999999999900774,0.2021513796580352,229.8
DAB,25C,31,2020-03-01 02:31:48,4.736715034906845,0.9335630560602883,9.542483541008025e-05,2.227056613655539e-05,0.9999999999640332,0.1970975918673806,237.53333333333333
DAB,25C,32,2020-03-01 02:39:34,4.3838192977423,0.8870586687025066,0.00010227129502272178,2.478325131169635e-05,0.9999999999964722,0.2083794554479865,245.3
DAB,25C,33,2020-03-01 02:47:20,3.7436517422462217,0.6976859595167502,0.0001157303668673736,2.631594245967275e-05,0.9999999999999917,0.2014285103532849,253.06666666666666
DAB,25C,34,2020-03-01 02:55:04,3.826391237518588,0.6642807018095314,0.00012064988829277166,2.5706944582003514e-05,0.9999999998576362,0.19050679973577941,260.8
DAB,25C,35,2020-03-01 03:02:50,2.991054542282351,0.6722065620558167,0.00011486223671948062,3.146238882315866e-05,0.9999999999999662,0.24222406353583148,268.56666666666666
DAB,25C,36,2020-03-01 03:10:34,3.688766317487836,0.6553529122017655,0.00011725613210505829,2.546533677316449e-05,0.9999999999999966,0.1929522402294392,276.3
DAB,25C,37,2020-03-01 03:18:20,2.887465616914799,0.5653103176665866,0.00013099882233085167,3.182781016848222e-05,0.9999999999999999,0.22103986421871344,284.06666666666666
DAB,25C,38,2020-03-01 03:26:04,3.253961447059975,0.5993690697248477,0.0001244537598130719,2.825541493746092e-05,0.999999999987196,0.2043589737419158,291.8
DAB,25C,39,2020-03-01 03:33:50,3.1905232381676027,0.7302060599219647,0.00010763628249618175,2.9736809795082944e-05,0.9999999999893494,0.24059549161397245,299.56666666666666
DAB,25C,40,2020-03-01 03:41:36,3.3999555549371405,0.747746968679821,0.00011276745031852666,3.0146565081617826e-05,0.9999999999981052,0.2354025213399585,307.3333333333333
DAB,25C,41,2020-03-01 03:49:22,1.9597728971220076,0.5310512446297136,0.00013330929548603,4.493058594505335e-05,0.9999999999999982,0.30771069965244285,315.1
DAB,25C,42,2020-03-01 03:57:08,3.089702042246211,0.5997323023855526,0.00012913130260546827,3.104739678770156e-05,0.9999999999430909,0.21809699589632167,322.8666666666667
DAB,25C,43,2020-03-01 04:04:52,3.096103359393156,0.5981735337676768,0.00012396660597059639,2.9505086979196092e-05,0.9999999999999504,0.21405664773627794,330.6
DAB,25C,44,2020-03-01 04:12:38,3.0653586741782424,0.5858764328596276,0.00012350083086124682,2.9063798821249307e-05,0.9999999999999999,0.2114798042719037,338.3666666666667
DAB,25C,45,2020-03-01 04:20:24,2.959131679819282,0.6138501848939392,0.00011859659742818527,3.0122335305687655e-05,0.9999999780600193,0.22623345307156925,346.1333333333333
DAB,25C,46,2020-03-01 04:28:10,3.3221243630655377,0.6931960672587786,0.00011312050895811674,2.8704698182913706e-05,0.9999999999999949,0.2236064223097788,353.9
DAB,25C,47,2020-03-01 04:35:56,2.8223640760637276,0.6234645775641823,0.00012110629476893054,3.2851428662719064e-05,0.9999999999996165,0.242735474808861,361.6666666666667
DAB,25C,48,2020-03-01 04:43:42,3.2585330075478702,0.6676729669626185,0.00011950467811653481,3.0013047387675146e-05,0.9999999999974246,0.22407862868778045,369.43333333333334
DAB,25C,49,2020-03-01 04:51:28,3.3529812513309207,0.7419192557310804,0.00011139806947529712,2.9908468027703536e-05,0.9999999999968953,0.23573912326656346,377.2
DAB,25C,50,2020-03-01 04:59:14,2.9981875398306683,0.6298012197702867,0.00011945041564542824,3.0753055086473504e-05,0.9999999999999641,0.22968479175771733,384.96666666666664
DAB,25C,51,2020-03-01 05:07:00,2.8927575329756263,0.643153347071942,0.00011947160106440058,3.255621267084506e-05,0.9999999999796485,0.2431184226490535,392.73333333333335
DAB,25C,52,2020-03-01 05:14:46,2.881474050994494,0.6709739781452235,0.00011561321202423598,3.284295989206155e-05,0.9999999999996833,0.2515845970086312,400.5
DAB,25C,53,2020-03-01 05:22:32,3.0319741528208226,0.6476810382378535,0.00011591482824659703,3.0219064282705098e-05,0.9999999999995827,0.23101948426373878,408.26666666666665
DAB,25C,54,2020-03-01 05:30:18,2.596938988324216,0.632951257685353,0.00012141055592239832,3.6350014663895595e-05,0.9999999999999755,0.2680597333233139,416.03333333333336
DAB,25C,55,2020-03-01 05:38:04,2.9989679435794607,0.7459807644420487,0.00010981802914961421,3.3074769750080024e-05,0.9999999999132008,0.2635538715239105,423.8
DAB,25C,56,2020-03-01 05:45:52,3.0762750346738836,0.6492257549226091,0.0001198779141997002,3.102291898385495e-05,0.9999999999718603,0.23105623089742003,431.6
DAB,25C,57,2020-03-01 05:53:38,2.9937796026339427,0.7900396294437529,0.00010593306318531128,3.366295876964468e-05,0.9999999998187232,0.2756651293890124,439.3666666666667
DAB,25C,58,2020-03-01 06:01:24,2.9763560512344895,0.6721614484567646,0.00011704863798529641,3.2304680068673624e-05,0.9999999999995294,0.24511051385778218,447.1333333333333
DAB,25C,59,2020-03-01 06:09:10,3.030158367917029,0.6586137021479453,0.00011999787512820139,3.1986928452392295e-05,0.999999999986733,0.23805039161059052,454.9
DAB,25C,60,2020-03-01 06:16:58,3.3338358521090594,0.7986294526495168,0.00010411236064561512,2.9952090460468916e-05,0.9999999999999999,0.248497512314874,462.7
DAB,25C,61,2020-03-01 06:24:44,2.959183334243069,0.7141140192981865,0.00011117779149421207,3.254448199467507e-05,0.9999999999972488,0.25690469033674257,470.46666666666664
DAB,25C,62,2020-03-01 06:32:30,2.626443067900582,0.6949135599879664,0.000113202136048492,3.642794286553137e-05,0.9999999999999657,0.2836125029459817,478.23333333333335
EDA,33C,1,2020-09-29 20:50:18,19.9604918001043,0.3048168833644144,0.015312677096274542,0.00045170586117381146,0.650679059310399,0.011021060850809172,0.0
EDA,33C,2,2020-09-29 20:51:12,19.29448998268861,0.26793556446747346,0.0184129989557697,0.00047992287692708035,0.6789787176348594,0.010853849187067614,0.9
EDA,33C,3,2020-09-29 20:52:06,19.732135069242315,0.2674515382321003,0.019061593177555326,0.0004931398216561275,0.6625559205976203,0.010128896738773395,1.8
EDA,33C,4,2020-09-29 20:53:00,19.35540674696722,0.2560669292784018,0.020208019806999034,0.000508727171163085,0.6656272793399134,0.009976001984436675,2.7
EDA,33C,5,2020-09-29 20:53:54,19.521545892622157,0.2611601264895438,0.020090441133082466,0.0005182675413237756,0.6528242652650755,0.009734663164802837,3.6
EDA,33C,6,2020-09-29 20:54:48,19.747086009127475,0.26229367212683136,0.020274374522786593,0.0005150313843169748,0.6607391297824501,0.009881817417184817,4.5
EDA,33C,7,2020-09-29 20:55:40,18.934380042932283,0.24390615987281128,0.022023835442068273,0.0005260151948137801,0.6914892037832793,0.01042492677850859,5.366666666666666
EDA,33C,8,2020-09-29 20:56:34,19.273285630661555,0.251801390798833,0.02129601425406178,0.0005186717352437228,0.6859828297972366,0.010416320643420206,6.266666666666667
EDA,33C,9,2020-09-29 20:57:28,19.169173352336053,0.2456801458010364,0.021342169733469918,0.0005074327115312382,0.6908880283605449,0.01035304654260925,7.166666666666667
EDA,33C,10,2020-09-29 20:58:22,18.689568095923352,0.23761645744232013,0.02174599351288082,0.0005039319056405676,0.7089143674307727,0.010769399942306326,8.066666666666666
EDA,33C,11,2020-09-29 20:59:16,19.049287736149967,0.24278439515285682,0.021188422771907287,0.0004964335887893309,0.7001145145258001,0.0105490381883633,8.966666666666667
EDA,33C,12,2020-09-29 21:00:10,18.726408116894863,0.23957450109447645,0.021484987626624527,0.0005025657997284442,0.7056776711561495,0.010745214754044833,9.866666666666667
EDA,33C,13,2020-09-29 21:01:04,19.146585833837612,0.24939506033187145,0.020488875041640535,0.00049448685337843,0.6920697167731019,0.010552183947456642,10.766666666666667
EDA,33C,14,2020-09-29 21:01:56,18.727392857737087,0.24674481153062086,0.021168437995010947,0.0005054811798662019,0.714781862230726,0.011329473602456614,11.633333333333333
EDA,33C,15,2020-09-29 21:02:50,18.476713687702023,0.23568363641192222,0.021698971057885513,0.0004939817548460088,0.7310103060333398,0.011432415359495537,12.533333333333333
EDA,33C,16,2020-09-29 21:03:44,18.912315109287707,0.24905260799167522,0.020641502207759083,0.0004981680692142611,0.7032199928175662,0.010987272121775258,13.433333333333334
EDA,33C,17,2020-09-29 21:04:38,18.822076066937253,0.24934928854933486,0.020425976070240603,0.0004927533506281615,0.7098079162257284,0.011243992291273952,14.333333333333334
EDA,33C,18,2020-09-29 21:05:32,18.62889674114663,0.24581173759903927,0.020279704928490808,0.0004768243783490054,0.7326097482229549,0.011870935763852402,15.233333333333333
EDA,33C,19,2020-09-29 21:06:26,19.109200585866677,0.2577011890953098,0.019039219697502288,0.0004708916301579679,0.702380705698223,0.011222563543249629,16.133333333333333
EDA,33C,20,2020-09-29 21:07:20,18.730447269463735,0.24878718969332395,0.0194628451882851,0.00046480144014372836,0.7230333957595321,0.011661452531114417,17.033333333333335
EDA,33C,21,2020-09-29 21:08:12,18.348068875590197,0.24448461606087796,0.01983525564339061,0.0004691542358031644,0.7366834590629983,0.012109733286464692,17.9
EDA,33C,22,2020-09-29 21:09:06,18.868290796868838,0.25715965000131236,0.01881021385242641,0.00046524740988943686,0.7132509700363983,0.011667416702003,18.8
EDA,33C,23,2020-09-29 21:10:00,18.62378767121955,0.25258745793666826,0.018825464786700826,0.00045351022338206443,0.7359212651862463,0.012300246925519663,19.7
EDA,33C,24,2020-09-29 21:10:54,18.726341032214034,0.2618880752321788,0.01813780204502108,0.00045499970873692623,0.7254127238287797,0.012349787945619214,20.6
EDA,33C,25,2020-09-29 21:11:48,18.612245990540004,0.2609531454595231,0.0180452378857953,0.00045497219677381154,0.7227448710168869,0.012297029328297949,21.5
EDA,33C,26,2020-09-29 21:12:42,18.34980057020986,0.2526700951196052,0.018148024084746597,0.00043518472642135907,0.7573384145677962,0.013164225174347045,22.4
EDA,33C,27,2020-09-29 21:13:36,18.52942557996593,0.26222163769448587,0.017480534662427636,0.0004370641697310829,0.7415513000951465,0.013012907444064073,23.3
EDA,33C,28,2020-09-29 21:14:28,18.714569543019035,0.2705632333424433,0.01670723190992352,0.0004282073293543926,0.7378217109818666,0.013169058884600272,24.166666666666668
EDA,33C,29,2020-09-29 21:15:22,18.4785513100099,0.2590424761177795,0.016876193001606726,0.0004142401911812146,0.7512834839237966,0.013202521991660854,25.066666666666666
EDA,33C,30,2020-09-29 21:16:16,18.241236397609153,0.26534919216047365,0.01666905636488368,0.0004293156074681234,0.7392017133235956,0.013296047039857744,25.966666666666665
EDA,33C,31,2020-09-29 21:17:10,18.641199057207533,0.26880731020424536,0.0160179071173328,0.00040534029929008937,0.7487591019236892,0.013494380817283928,26.866666666666667
EDA,33C,32,2020-09-29 21:18:04,18.510310847671906,0.2726305304897307,0.015751709485066354,0.00040419380392409256,0.7566698949555317,0.01405174832953388,27.766666666666666
EDA,33C,33,2020-09-29 21:18:58,18.652642769804366,0.285324555858057,0.015023467675644345,0.0004102226236839104,0.7302928174529388,0.013667380299127944,28.666666666666668
EDA,33C,34,2020-09-29 21:19:52,19.213052439424,0.2921372763171463,0.01442360351237481,0.0003948782135928015,0.7210955746669093,0.01326927660024517,29.566666666666666
EDA,33C,35,2020-09-29 21:20:46,18.307234144508353,0.27110489649123176,0.015117606566076879,0.0003858052536860004,0.7686943135030561,0.01454209652925731,30.466666666666665
EDA,33C,36,2020-09-29 21:21:40,18.46762414647206,0.2963234880561814,0.014210622966173824,0.0004087442143329451,0.7257218503107742,0.014168262110671098,31.366666666666667
EDA,33C,37,2020-09-29 21:22:32,18.149925175703373,0.27201939773312944,0.014751969688192918,0.0003751075213214723,0.7863430200792204,0.015343547320942359,32.233333333333334
EDA,33C,38,2020-09-29 21:23:26,18.66753739053985,0.2940297042596859,0.013267263944415976,0.00036810665414664293,0.7443268392951966,0.01456915990581194,33.13333333333333
EDA,33C,39,2020-09-29 21:24:20,18.448890656144783,0.2899177354649531,0.01349702193405753,0.0003654422899985031,0.7687322460399633,0.015426753208738675,34.03333333333333
EDA,33C,40,2020-09-29 21:25:14,18.18455015326705,0.2946556469389218,0.01324811605511243,0.0003719595951525102,0.7624025559691272,0.015665378478056873,34.93333333333333
EDA,33C,41,2020-09-29 21:26:08,18.841525559790064,0.3151180883190458,0.01194886436149663,0.00035391985329240425,0.7383208619584544,0.015233634748195684,35.833333333333336
EDA,33C,42,2020-09-29 21:27:02,18.078940538327064,0.29304459893389456,0.01257749102374174,0.00034430029312095917,0.7913154637816985,0.016777481847229884,36.733333333333334
EDA,33C,43,2020-09-29 21:27:56,17.968253088197983,0.30257388210496017,0.01207427392787171,0.00034931857741483415,0.7717111151774415,0.016641290136862923,37.63333333333333
EDA,33C,44,2020-09-29 21:28:50,18.33645547813629,0.3187940552446074,0.01150534661870139,0.00034992642321632686,0.7515763906522535,0.01636130171775247,38.53333333333333
EDA,33C,45,2020-09-29 21:29:42,18.744658772330776,0.33432432197227363,0.010823063858014688,0.0003426613044903264,0.7356264240336767,0.01612884239909193,39.4
EDA,33C,46,2020-09-29 21:30:36,18.80815543836629,0.3454194156978204,0.010206727215022093,0.00033183824790838186,0.738419013351262,0.016719387458575027,40.3
EDA,33C,47,2020-09-29 21:31:30,18.353088844704406,0.33200858778621517,0.010545944531662028,0.00033561743812826026,0.7452648996896379,0.01675434195216569,41.2
EDA,33C,48,2020-09-29 21:32:24,19.03623260734132,0.3597813824534096,0.009217884437237893,0.00031539418739856556,0.7144543786619629,0.016179276521488414,42.1
EDA,33C,49,2020-09-29 21:33:18,18.126283765771955,0.35281015423590906,0.009756969754718129,0.0003314588598317506,0.7537082148100015,0.01839769946689932,43.0
EDA,33C,50,2020-09-29 21:34:12,18.70467711687635,0.3711010540696012,0.00898594201821568,0.00031659991450632536,0.7347184164242908,0.017882327908602433,43.9
EDA,33C,51,2020-09-29 21:35:06,18.178448287294124,0.3596351722846668,0.009235258087100125,0.0003213981228642048,0.7450059126204924,0.018297951082527637,44.8
EDA,33C,52,2020-09-29 21:36:00,18.65486466767173,0.39559398169816806,0.008290907263192461,0.0003170170023281595,0.7183569735068717,0.018325194275809954,45.7
EDA,33C,53,2020-09-29 21:36:52,17.979767571801972,0.3612538344676777,0.008711804066423065,0.0003006959005283364,0.7710025780394455,0.019789209583790494,46.56666666666667
EDA,33C,54,2020-09-29 21:37:46,17.494016540603965,0.3417484358567983,0.008772521338278907,0.00028013504684771845,0.8288320082618614,0.021974938550049422,47.46666666666667
EDA,33C,55,2020-09-29 21:38:40,18.529199456718825,0.4189029382249469,0.007447767899841507,0.0003058587843130169,0.7103186578011699,0.019119901443335557,48.36666666666667
EDA,33C,56,2020-09-29 21:39:34,18.588343174006823,0.4155181337083345,0.00710602803041298,0.0002819715716051252,0.734435558719791,0.020101965205352627,49.266666666666666
EDA,33C,57,2020-09-29 21:40:28,18.051179588294392,0.4148188870371159,0.007124186158983858,0.0002870254472410499,0.7478571910871419,0.02136834133881628,50.166666666666664
EDA,33C,58,2020-09-29 21:41:22,18.6177534751956,0.4377168352877191,0.006443646006733994,0.0002696404731358751,0.7312376873968851,0.020956481054551418,51.06666666666667
EDA,33C,59,2020-09-29 21:42:16,18.28006597081472,0.44139130405562055,0.006377273947097169,0.0002758058816535138,0.7245185434719075,0.021156794101348887,51.96666666666667
EDA,33C,60,2020-09-29 21:43:10,18.54848783459156,0.45239029466875286,0.006120646881586206,0.00026747178494092294,0.7239885522853087,0.021333791139095015,52.86666666666667
EDA,33C,61,2020-09-29 21:45:12,18.641505358123656,0.25575984390976264,0.005329505326269455,0.0001330839137018013,0.7070493042492151,0.011471469772028977,54.9
EDA,33C,62,2020-09-29 21:47:16,18.51326488285349,0.271427166348763,0.004713331531425751,0.0001269796269015422,0.6966938653308106,0.011912119886786,56.96666666666667
EDA,33C,63,2020-09-29 21:49:18,18.5289756589738,0.2935146066800976,0.004129223039227792,0.00012116362158849451,0.6878831227683818,0.012549946647336711,59.0
EDA,33C,64,2020-09-29 21:51:20,18.54545491573593,0.31471675824907364,0.003606963351437541,0.00011345620860124085,0.6864551954483626,0.013367634096161296,61.03333333333333
EDA,33C,65,2020-09-29 21:53:24,18.773117287029606,0.3546143861913969,0.0030946580649189328,0.0001102797666579679,0.6679612722280156,0.014108767659882004,63.1
EDA,33C,66,2020-09-29 21:55:26,18.559296035059617,0.3871501092729398,0.0027111962428308578,0.00010766381160144247,0.6581884860383579,0.015122553745925197,65.13333333333334
EDA,33C,67,2020-09-29 21:57:30,18.461961898912378,0.4041062119282088,0.0023261789038855657,9.731697920814652e-05,0.653060808051869,0.015588581436942316,67.2
EDA,33C,68,2020-09-29 21:59:32,18.1944539428185,0.44089519524088244,0.0020804933190316636,9.504022763094353e-05,0.6653310439276001,0.017818947795848954,69.23333333333333
EDA,33C,69,2020-09-29 22:01:34,18.652731238498074,0.49975567190644726,0.0016872367174622237,8.673750888155931e-05,0.6460325944602806,0.01854402723612252,71.26666666666667
EDA,33C,70,2020-09-29 22:03:38,18.001817343194308,0.5478005636553558,0.0015145236626151561,8.90619216853751e-05,0.6379652272276929,0.020504393445992287,73.33333333333333
EDA,33C,71,2020-09-29 22:05:40,17.365193312731556,0.5775156577009072,0.0013701121659106953,8.698712813925885e-05,0.648122094681473,0.022997638166212628,75.36666666666666
EDA,33C,72,2020-09-29 22:07:44,17.75986561897921,0.6400978512827223,0.001121520490284057,7.716879007865016e-05,0.6449406567422794,0.02450026548753256,77.43333333333334
EDA,33C,73,2020-09-29 22:09:46,17.623983841346064,0.7218247417627108,0.00093582530741426,7.23553275948798e-05,0.6522340025512287,0.02818844180094542,79.46666666666667
EDA,33C,74,2020-09-29 22:11:50,17.3775991269515,0.8146655116074903,0.0008095125241174859,7.321249753027497e-05,0.6287843303921159,0.029910623745296835,81.53333333333333
EDA,33C,75,2020-09-29 22:13:52,15.72242690719461,0.8194445777895332,0.000742389236005252,7.082901269077703e-05,0.6767453424355032,0.03791226360208423,83.56666666666666
EDA,33C,76,2020-09-29 22:15:56,15.124942676535285,0.7735675006208573,0.0007228737097934205,6.346763125328e-05,0.7420702836526027,0.044060452576025116,85.63333333333334
EDA,33C,77,2020-09-29 22:17:58,15.069252966844417,0.8684257756938342,0.0006203498480371042,6.128170262327752e-05,0.7387688772734726,0.04871199701253501,87.66666666666667
EDA,33C,78,2020-09-29 22:20:00,16.5687698802096,1.2198406426476567,0.000450023326785045,6.139189281160544e-05,0.6492863736892425,0.0477296234236121,89.7
EDA,33C,79,2020-09-29 22:22:04,14.18510862016651,1.0262608880262252,0.0004726357689615216,5.630616371458308e-05,0.7718421476932017,0.06479918350849245,91.76666666666667
EDA,33C,80,2020-09-29 22:24:06,16.7656740230281,1.5824006698456188,0.00032100980486356954,5.547515975348132e-05,0.6461345099712222,0.05851112034692852,93.8
EDA,33C,81,2020-09-29 22:26:10,14.88388919987747,1.852615767756548,0.0002685976931287837,6.04638038552205e-05,0.6484665578786506,0.07590715187719707,95.86666666666666
EDA,33C,82,2020-09-29 22:28:12,15.533900411356726,1.930176060713375,0.00025862982000845835,5.769728154032656e-05,0.6530992799302973,0.07634359077486301,97.9
EDA,33C,83,2020-09-29 22:30:16,15.629588501285165,2.275115370417423,0.00021297874482856217,5.5728342143672923e-05,0.640548195013381,0.08392263566891374,99.96666666666667
EDA,33C,84,2020-09-29 22:32:18,12.18075951110867,2.215975475013411,0.00022091462831262367,7.254894868615644e-05,0.6389943584995221,0.10503975306232985,102.0
EDA,33C,85,2020-09-29 22:34:22,9.51086321840107,2.3261539039228416,0.00019855409078888548,8.06403088424208e-05,0.7103056015297247,0.16715821531379724,104.06666666666666
EDA,33C,86,2020-09-29 22:36:24,16.972894169867075,3.872313104492319,0.00013016348288561328,5.497928415917812e-05,0.5835288654478374,0.1028434817405208,106.1
EDA,33C,87,2020-09-29 22:38:28,13.114906321440897,3.72668514680021,0.0001311406530110761,6.498695620820347e-05,0.6327486383935492,0.1466212944579772,108.16666666666667
EDA,33C,88,2020-09-29 22:40:32,10.720258596316192,3.2478494171586094,0.0001420579722458869,6.838047569415873e-05,0.72469611647502,0.19992064074711427,110.23333333333333
EDA,33C,89,2020-09-29 22:42:34,28.85159883603136,197.60795906738784,1.0000030264886376e-06,1.745344298595641e-05,0.25364735088785023,0.4866813258295238,112.26666666666667
EDA,33C,90,2020-09-29 22:44:36,9.287626687542009,1.7502998044266418,0.00020167772959493795,4.9462388729370154e-05,0.9999998606058588,0.23964696988092232,114.3
EDA,33C,91,2020-09-29 22:46:40,11.617897229906285,7.964707411273602,7.157773630682834e-05,8.291162130062257e-05,0.6051419159352422,0.2845074256277234,116.36666666666666
EDA,33C,92,2020-09-29 22:48:42,1.8163266262971842,13.631406573900097,1.0004749786474562e-06,3.869524437334149e-05,0.134398703686452,0.3183164841154474,118.4
EDA,33C,93,2020-09-29 22:50:46,0.036790431557328335,0.048660170589217795,0.11748465085932949,0.1931294214296358,0.9999999999764078,3.174699160700943,120.46666666666667
EDA,33C,94,2020-09-29 22:52:48,7.733891408669852,2.951977840301226,0.0001386972955067427,7.070495242165778e-05,0.9136309140207222,0.37390218436837025,122.5
EDA,33C,95,2020-09-29 22:54:52,2.109324935115717,1.8572523281065743,0.00018884099948857655,0.00021504560190464502,0.9999999999656127,1.102791455270673,124.56666666666666
EDA,33C,96,2020-09-29 22:56:54,0.0160531457197782,0.03928907304654298,518.804024619621,74096889.53427215,0.9999999501927305,18298.305277860723,126.6
EDA,33C,97,2020-09-29 22:58:58,10.785856649129204,6.480010243641781,8.411632081128104e-05,8.725559981828112e-05,0.6034938304624088,0.25915584013471404,128.66666666666666
EDA,33C,98,2020-09-29 23:01:00,0.009579650196377971,1.770309666089096,114.2798682211832,92597.52290621502,0.10000283446515482,42.53770017808421,130.7
EDA,33C,99,2020-09-29 23:03:04,0.012008357678915803,0.0389709372311809,424.4076483208219,64008839.195709035,0.9999565238836645,19832.387560937786,132.76666666666668
EDA,33C,100,2020-09-29 23:05:06,0.0236863725503009,0.038974270586870564,353.26612604798174,21959411.049573757,0.9999873922639025,8376.038251769764,134.8
EDA,33C,101,2020-09-29 23:09:26,7.839460121676251,1.0948211468207143,0.0001031523248785057,1.727543683307781e-05,0.9999999999245424,0.14432447979884386,139.13333333333333
EDA,33C,102,2020-09-29 23:13:46,7.509395802445816,1.0910703696991915,9.858003800201054e-05,1.7051985998817834e-05,0.9999999999989795,0.1473441666752991,143.46666666666667
EDA,33C,103,2020-09-29 23:18:06,7.575988896812647,1.4953408447941714,8.71169835968082e-05,2.004182427320489e-05,0.9999999999857542,0.18943507620113087,147.8
EDA,33C,104,2020-09-29 23:22:24,6.162631044721294,1.1591811902999003,9.906779833336487e-05,2.2202653415502696e-05,0.9999999999999999,0.1911514193335039,152.1
EDA,33C,105,2020-09-29 23:26:44,6.363063285149565,1.060456272649597,0.00010186321091059927,2.031763598045623e-05,0.9999999999999769,0.17134281812961547,156.43333333333334
EDA,33C,106,2020-09-29 23:31:04,5.973309824514921,1.3165656645527684,9.272211574054807e-05,2.4082471685750633e-05,0.9999999999869289,0.21764460199596253,160.76666666666668
EDA,33C,107,2020-09-29 23:35:24,5.924528261835665,1.056981331040814,0.00010242448578782084,2.188895762083005e-05,0.9999999999935991,0.18383834509796737,165.1
EDA,33C,108,2020-09-29 23:39:44,5.026540213507984,1.158896178973076,9.463114203396224e-05,2.5799042335065085e-05,0.999999999917399,0.2297238029588507,169.43333333333334
EDA,33C,109,2020-09-29 23:44:04,5.4807076501605065,1.209710675419844,9.682433288229549e-05,2.5775776953304973e-05,0.9793114970799293,0.21449290587616393,173.76666666666668
EDA,33C,110,2020-09-29 23:48:24,5.492973403065384,0.9261696254317803,0.0001131649353345897,2.32055186424804e-05,0.9999999999999986,0.18071392518371374,178.1
EDA,33C,111,2020-09-29 23:52:42,4.96085192094735,0.9052068312731171,0.00011332074145779735,2.5152701492980568e-05,0.999999999939731,0.19567080825766028,182.4
EDA,33C,112,2020-09-29 23:57:02,5.18155884598828,1.126135000790686,0.00010496384441612825,2.8844205765564903e-05,0.9356826933127779,0.202053035715459,186.73333333333332
EDA,33C,113,2020-09-30 00:01:22,5.052974582873008,0.947424217495722,0.00011171667025983869,2.5426684410631816e-05,0.9999999999962127,0.19997623681452842,191.06666666666666
EDA,33C,114,2020-09-30 00:05:42,5.289857167922573,0.9781275519136203,0.00010871535576521546,2.4302503535166873e-05,0.9999999999999895,0.1951450734175171,195.4
EDA,33C,115,2020-09-30 00:10:02,4.944227489432559,1.2778764044377835,9.465104793840746e-05,3.146096053310035e-05,0.8965252628345255,0.21512330489512305,199.73333333333332
EDA,33C,116,2020-09-30 00:14:22,6.062671218793976,1.1445038831381174,9.863444615649808e-05,2.21696668199666e-05,0.9999999999963133,0.19148732510641042,204.06666666666666
EDA,33C,117,2020-09-30 00:18:42,4.9162320192644255,0.9482334763162208,0.00011028088918627888,2.577054327924254e-05,0.9999999974243395,0.20469343868061474,208.4
EDA,33C,118,2020-09-30 00:23:02,6.671155644593644,2.0360393685758567,7.367859593212332e-05,3.0704724404342375e-05,0.7898864314311461,0.18904704805953512,212.73333333333332
EDA,33C,119,2020-09-30 00:27:22,5.393043840929554,1.247844708974522,9.745938948185079e-05,2.679629805734414e-05,0.999999999945649,0.23350511164034496,217.06666666666666
EDA,33C,120,2020-09-30 00:31:42,5.1230887453745275,1.115688333251109,0.00010160858567692842,2.6472672872621062e-05,0.9999999999688747,0.22366659976284467,221.4
EDA,33C,121,2020-09-30 00:36:02,4.974007126455182,0.9521835184765006,0.0001107483163232878,2.5701911634295322e-05,0.9999999997601673,0.20349049844463246,225.73333333333332
EDA,33C,122,2020-09-30 00:40:22,5.527586082459367,1.1165056416316987,9.981550468938765e-05,2.4051361364828578e-05,0.9999999683610216,0.20591729870505185,230.06666666666666
EDA,33C,123,2020-09-30 00:44:42,4.582972285791055,1.1201724215489162,0.0001025944836826465,3.004576692456804e-05,0.9999999999945031,0.2520322139889485,234.4
EDA,33C,124,2020-09-30 00:49:02,4.806073289801251,0.9684820325605273,0.00011138607694291164,2.7234295820857035e-05,0.9999999999999999,0.21467891733199937,238.73333333333332
EDA,33C,125,2020-09-30 00:53:22,5.1471485311439915,1.0762174079218825,0.00010737025828363791,2.708980216358447e-05,0.9999999999922131,0.21959014466376225,243.06666666666666
EDA,33C,126,2020-09-30 00:57:42,5.119341699465347,1.494453578823542,9.019680382062228e-05,3.640213132997286e-05,0.8091741648225654,0.2023964197233129,247.4
EDA,33C,127,2020-09-30 01:02:02,4.452065352817587,1.0847527123137453,0.00010510827940590692,3.0801598015520084e-05,0.9999999999964755,0.2537233548104225,251.73333333333332
EDA,33C,128,2020-09-30 01:06:22,4.5393826546150065,0.8519975669502369,0.00011847454156044887,2.7222115867132025e-05,0.9999999999971555,0.20461509993685922,256.06666666666666
EDA,33C,129,2020-09-30 01:10:42,5.0799858517648175,1.113351534642036,0.00010272008879586975,2.6979305394963398e-05,0.9999999999948792,0.22610295135711234,260.4
EDA,33C,130,2020-09-30 01:15:02,5.071691480268568,1.134710246793424,0.00010405922730987887,2.79577261140807e-05,0.9999999999962011,0.2320401588585514,264.73333333333335
EDA,33C,131,2020-09-30 01:19:22,4.6454111934289815,0.9323764781831313,0.00011201235922770882,2.7300892066944635e-05,0.9999999999873791,0.21428248086463245,269.06666666666666
EDA,33C,132,2020-09-30 01:23:44,4.85179872448988,0.9575022613111532,0.00011254903678420693,2.7432086783371787e-05,0.9785726036174079,0.2033143849144931,273.43333333333334
EDA,33C,133,2020-09-30 01:28:04,4.964920796514665,0.9185066752999703,0.00011532903388570944,2.6019487027786098e-05,0.9999999999999873,0.19969428981929288,277.76666666666665
EDA,33C,134,2020-09-30 01:32:24,6.5031180238965645,1.8374890910604593,7.916309544819258e-05,3.0988532520891e-05,0.7870146393491532,0.17890350445287426,282.1
EDA,33C,135,2020-09-30 01:36:44,7.009255188859419,2.3286188250336215,6.848368586036818e-05,3.097250869374882e-05,0.7810100345322478,0.19663270699401003,286.43333333333334
EDA,33C,136,2020-09-30 01:41:04,4.916739859892293,1.112150561002431,0.0001041137040422918,2.828256958939151e-05,0.9999999999999454,0.23464406104771277,290.76666666666665
EDA,33C,137,2020-09-30 01:45:24,5.354653499960121,1.230153912798722,9.884249254099093e-05,2.9686775402394735e-05,0.8851361916706547,0.19036710440765117,295.1
EDA,33C,138,2020-09-30 01:49:44,4.977329242131971,1.0975887441303511,0.00010444589381939969,2.8655053189749994e-05,0.9549429850955994,0.21178870416423382,299.43333333333334
DAP,33C,1,2020-09-29 09:12:52,20.901584742739242,0.2534833571121242,0.024913609460988754,0.0006077330965625689,0.6145293045978305,0.00796915694497142,0.0
DAP,33C,2,2020-09-29 09:13:46,20.51499594109499,0.23337757386145935,0.029055143212092047,0.000656651870935992,0.6262577571651226,0.00778685683885298,0.9
DAP,33C,3,2020-09-29 09:14:40,20.306221582822573,0.22637855249190056,0.031070725782439756,0.0006864168153017452,0.628812618827463,0.007719068382646609,1.8
DAP,33C,4,2020-09-29 09:15:32,20.17790643295973,0.22058822297900316,0.032019614090544816,0.0006867281166851697,0.6380479728419796,0.007771559533000726,2.6666666666666665
DAP,33C,5,2020-09-29 09:16:26,20.239704103737115,0.2141588843306927,0.03240581766818369,0.000670276381334265,0.6413900689278468,0.007594101101274992,3.566666666666667
DAP,33C,6,2020-09-29 09:17:20,19.846037978408503,0.21008601674031868,0.0328320132740856,0.0006716578587334546,0.6520461679277402,0.007815956825537531,4.466666666666667
DAP,33C,7,2020-09-29 09:18:14,19.690230462725626,0.21012996228434347,0.03275040111894273,0.000664837612475702,0.6670253262849423,0.00818593053340628,5.366666666666666
DAP,33C,8,2020-09-29 09:19:08,19.86848541283531,0.21846984037234704,0.031041925888977022,0.0006627506558305696,0.6474601987354628,0.00799386782251365,6.266666666666667
DAP,33C,9,2020-09-29 09:20:02,19.75409854198473,0.21102628090709902,0.030913119298984656,0.0006270839119317969,0.6685560118960764,0.00820194722746701,7.166666666666667
DAP,33C,10,2020-09-29 09:20:56,19.688120077199798,0.2152383187551428,0.02988711058752995,0.0006206205840104675,0.6681954855544353,0.008373333023857779,8.066666666666666
DAP,33C,11,2020-09-29 09:21:48,19.954657593782734,0.2232207631708193,0.028513546425143466,0.0006092569504789401,0.6626837367615495,0.008428957444440992,8.933333333333334
DAP,33C,12,2020-09-29 09:22:42,19.756574837299716,0.22500684606116259,0.027913478518009634,0.0005988432035323055,0.6761312980928457,0.008884741038808593,9.833333333333334
DAP,33C,13,2020-09-29 09:23:36,19.04997160898783,0.21422383173514675,0.028603136697679107,0.0005937819449830483,0.6962998387033522,0.009250647930877931,10.733333333333333
DAP,33C,14,2020-09-29 09:24:30,19.41989250801519,0.21960569463213145,0.027112284718277913,0.0005664493637340783,0.6953771320745958,0.009269931071870113,11.633333333333333
DAP,33C,15,2020-09-29 09:25:24,19.526377708394087,0.22846845811394398,0.025586605626345838,0.0005541031559289888,0.6934811264573053,0.00953493988154602,12.533333333333333
DAP,33C,16,2020-09-29 09:26:18,19.291437432229316,0.22704208477866514,0.0256186202824017,0.0005500606932323534,0.7081855486843511,0.009963746347546373,13.433333333333334
DAP,33C,17,2020-09-29 09:27:12,19.201211842387984,0.22615372872112846,0.024655285036732724,0.0005307254401301875,0.7063036642345868,0.00991903239435514,14.333333333333334
DAP,33C,18,2020-09-29 09:28:06,19.29464831788277,0.23492878955739285,0.023528168787099197,0.0005178764819802521,0.7175743072769265,0.010551405082348912,15.233333333333333
DAP,33C,19,2020-09-29 09:28:58,18.990966127473445,0.22723613177811572,0.02313290577894122,0.0004947501105332121,0.7294750899435812,0.010685921957480733,16.1
DAP,33C,20,2020-09-29 09:29:52,19.30279700868102,0.24761920096200488,0.02161486148847624,0.0005047074751054947,0.7103171643702479,0.010905419647164108,17.0
DAP,33C,21,2020-09-29 09:30:46,19.208555741997728,0.2498967447916585,0.020576435814831935,0.0004845994004806496,0.7159431117456329,0.011218801753573253,17.9
DAP,33C,22,2020-09-29 09:31:40,19.011179770200712,0.24747100865901195,0.020219641428802032,0.0004677500467714813,0.7354526387696468,0.0117944852287057,18.8
DAP,33C,23,2020-09-29 09:32:34,19.178915245521225,0.25321789603854,0.019126378381222484,0.0004521119486078171,0.7274849795291523,0.011722804023775759,19.7
DAP,33C,24,2020-09-29 09:33:28,19.311312657539656,0.26482237256127983,0.018056777401628813,0.00044840867400049324,0.7154245089807789,0.011803751394607993,20.6
DAP,33C,25,2020-09-29 09:34:22,19.23296884696894,0.27203244254400244,0.01709854008802321,0.0004399800014572848,0.710537428422767,0.012018984991301291,21.5
DAP,33C,26,2020-09-29 09:35:16,19.089087559565073,0.2751773244536748,0.016388072547270465,0.0004218817755899164,0.7299762386878178,0.012873600580612411,22.4
DAP,33C,27,2020-09-29 09:36:08,18.904658893505005,0.2811936279117146,0.01576786092635555,0.00041671538529626246,0.7353379665466162,0.013462183831534972,23.266666666666666
DAP,33C,28,2020-09-29 09:37:02,19.290808985588196,0.3001149736420391,0.014313360778572816,0.00040217188255779025,0.7178595366045236,0.013463938668137459,24.166666666666668
DAP,33C,29,2020-09-29 09:37:56,18.717900248421373,0.29349102088181567,0.014261214697628265,0.0003955487496536799,0.7399334404464223,0.0143499125739219,25.066666666666666
DAP,33C,30,2020-09-29 09:38:50,19.162344246819117,0.3147613368280481,0.012773556826606523,0.0003767717562752702,0.7237045451238574,0.014423604733256429,25.966666666666665
DAP,33C,31,2020-09-29 09:39:44,19.270542702372758,0.31950167348952174,0.012080389702023355,0.0003567549596554331,0.732204336804027,0.014872326129731831,26.866666666666667
DAP,33C,32,2020-09-29 09:40:38,18.959377205183102,0.3274284319516208,0.011278397969318506,0.0003490633456599913,0.7255678239308461,0.015228303203918428,27.766666666666666
DAP,33C,33,2020-09-29 09:41:32,18.92769148521184,0.3451004430219852,0.010509372955888156,0.000342496478052866,0.72817484406168,0.01617826254743233,28.666666666666668
DAP,33C,34,2020-09-29 09:42:26,18.946237849539784,0.366223350226401,0.00991000514342838,0.00034452566562210527,0.7214832766030549,0.01685636650886165,29.566666666666666
DAP,33C,35,2020-09-29 09:43:18,18.886206805011813,0.36377017464398187,0.009521721592110113,0.00032770685517013515,0.728286883909699,0.01708671268535781,30.433333333333334
DAP,33C,36,2020-09-29 09:44:12,19.272213611507727,0.4040764641967485,0.008104419129243933,0.00030883156233668175,0.710026347572591,0.017729091162972315,31.333333333333332
DAP,33C,37,2020-09-29 09:45:06,19.01293742245009,0.4129827153491871,0.007631600732379701,0.00030087755880989,0.7112225223158211,0.0184166137274408,32.233333333333334
DAP,33C,38,2020-09-29 09:46:00,19.36742862927797,0.44355180842130904,0.006842471688299229,0.0002866872639390797,0.7027145684303718,0.01897436062061102,33.13333333333333
DAP,33C,39,2020-09-29 09:46:54,19.201391147841836,0.4563228027299872,0.006292582465500525,0.0002731749668686437,0.7039563850439744,0.019740294837423882,34.03333333333333
DAP,33C,40,2020-09-29 09:47:48,19.600822039889444,0.5020976796881451,0.0056867977825209234,0.0002741171910411638,0.673690978020675,0.019594355704400334,34.93333333333333
DAP,33C,41,2020-09-29 09:48:42,19.81595065914632,0.5581318733238538,0.004853149611980981,0.0002605181599147119,0.6605498483905932,0.02073593012691801,35.833333333333336
DAP,33C,42,2020-09-29 09:49:36,19.2328527694148,0.550251786257094,0.004810812274363664,0.0002607754657353661,0.6662540612303428,0.021400228159641967,36.733333333333334
DAP,33C,43,2020-09-29 09:50:30,20.0495812867339,0.6667547234188045,0.0037827114756296075,0.0002529732279603576,0.6090696594774349,0.02098068939058351,37.63333333333333
DAP,33C,44,2020-09-29 09:51:22,19.32051844685602,0.6658721443364604,0.003658670245892765,0.0002483758901416346,0.6278543765540274,0.0230001713245038,38.5
DAP,33C,45,2020-09-29 09:52:18,18.435133647330883,0.6263545548123213,0.0036199381405073593,0.00022732075183617785,0.6893502327522234,0.026975050831221516,39.43333333333333
DAP,33C,46,2020-09-29 09:53:12,20.344144039308954,0.7871127399532024,0.002751267125956726,0.0002080625392356157,0.6331991751759333,0.02610480057903282,40.333333333333336
DAP,33C,47,2020-09-29 09:54:06,19.401119651313827,0.7728748967361264,0.002710778652329152,0.00020723866003024888,0.6504316108297407,0.028249080631442776,41.233333333333334
DAP,33C,48,2020-09-29 09:55:00,20.253968298741313,0.9004176542781337,0.0021970422432578142,0.00019490703938843917,0.612322996392652,0.028042206862773773,42.13333333333333
DAP,33C,49,2020-09-29 09:55:52,19.380139075923765,0.899412698661391,0.00210683303159237,0.0001884466893309241,0.6441742358523841,0.03214374440786368,43.0
DAP,33C,50,2020-09-29 09:56:46,19.140614491901065,0.9521602793378054,0.00186887343785337,0.00017788926388245216,0.6498264615907664,0.0349106585580335,43.9
DAP,33C,51,2020-09-29 09:57:40,18.6604400023214,0.990563782145675,0.0017035357250120785,0.00017263454271280795,0.650973636105566,0.037276568318092715,44.8
DAP,33C,52,2020-09-29 09:58:34,18.496725426407956,1.08868817310493,0.001481250183740009,0.00016710973663821855,0.6453764653091725,0.04049167738935327,45.7
DAP,33C,53,2020-09-29 09:59:28,17.78021089493643,1.0576671757218847,0.001500299461121825,0.0001639283131001934,0.6871137633180183,0.04600299446479263,46.6
DAP,33C,54,2020-09-29 10:00:22,16.54886954334337,1.0759744151385102,0.0013403966702041276,0.00015658040997228412,0.7078802826583311,0.05292955398930109,47.5
DAP,33C,55,2020-09-29 10:01:16,20.070795995030835,1.5793067132040186,0.0008767363776679556,0.00013740850580314974,0.6015290662712135,0.04644362434937193,48.4
DAP,33C,56,2020-09-29 10:02:10,18.636732292846997,1.6174766630403237,0.0008449910391190352,0.00014320545017106122,0.6185932817456413,0.05384910237107001,49.3
DAP,33C,57,2020-09-29 10:03:04,17.657607780044252,1.981645644623022,0.0006363387092534267,0.00014177947391216483,0.5972541272475949,0.06413634310159819,50.2
DAP,33C,58,2020-09-29 10:03:58,19.043650559159246,2.439024403688881,0.0005108452824675075,0.00013560491489056166,0.5550120843995944,0.06296878688657956,51.1
DAP,33C,59,2020-09-29 10:04:50,11.333163122026496,2.289505555746738,0.0005406314827196123,0.0002265529478712511,0.5558307921728534,0.10000970347623678,51.96666666666667
DAP,33C,60,2020-09-29 10:05:44,17.71074301378847,1.9575966785216727,0.0005881907253858192,0.00012116708764491602,0.6528173863653834,0.07402213165882279,52.86666666666667
DAP,33C,61,2020-09-29 10:07:48,18.40632966707593,1.352667441562142,0.0003914784931733154,5.405348977906207e-05,0.6310775283078884,0.04461834638886784,54.93333333333333
DAP,33C,62,2020-09-29 10:09:50,17.705807982752365,1.754998234295448,0.0002879971028818934,5.242785825577483e-05,0.638021093338473,0.05925819820721145,56.96666666666667
DAP,33C,63,2020-09-29 10:11:54,17.31442060463984,2.1581659316467463,0.00022443500561154556,4.989602493322444e-05,0.6508257313581741,0.07452038502366569,59.03333333333333
DAP,33C,64,2020-09-29 10:13:56,16.268098621749203,6.2684157316666065,8.30122789698762e-05,6.653389113926497e-05,0.4757896600912356,0.11567283827904391,61.06666666666667
DAP,33C,65,2020-09-29 10:16:00,14.284025964050807,2.3576020263355937,0.00018545553280368489,4.7972710173807145e-05,0.7637085291159924,0.12655337180677295,63.13333333333333
DAP,33C,66,2020-09-29 10:18:02,9.332509542250387,2.457410406823,0.00017219175156106848,6.836591331038714e-05,0.7982560539372776,0.21490030671576063,65.16666666666667
DAP,33C,67,2020-09-29 10:20:06,0.07820618330887284,0.06966492418754547,0.04115423129721989,0.05271749117226502,0.9999999998349566,1.4390071029190872,67.23333333333333
DAP,33C,68,2020-09-29 10:22:08,0.011786264433275245,0.04026449298501492,282.6323005682283,28300109.565385237,0.999997777344364,13910.13739893282,69.26666666666667
DAP,33C,69,2020-09-29 10:24:10,0.08540487186685349,0.12032208376027603,0.015905261005309222,0.03521106882860267,0.8795743959352683,1.7711575206659056,71.3
DAP,33C,70,2020-09-29 10:26:14,9.920924250242118,3.260115510604325,0.00012419140869049305,5.0287471869825225e-05,0.9999999506108735,0.3643114527756161,73.36666666666666
DAP,33C,71,2020-09-29 10:28:16,6.048148010737975,2.5140903238316334,0.00014998310967870743,7.8672894443958e-05,0.9999999869069511,0.4896816541823219,75.4
DAP,33C,72,2020-09-29 10:30:20,6.6026781496946585,3.2718820507030664,0.00012244720631069222,7.46233679831105e-05,0.9999999999999741,0.5466519768408198,77.46666666666667
DAP,33C,73,2020-09-29 10:32:22,5.525114344104457,9.762167300334568,6.774791967234189e-05,0.00013268807045897045,0.9999999999988731,1.4900753394357962,79.5
DAP,33C,74,2020-09-29 10:34:26,8.286419463780115,9.758926660919949,6.713182679686733e-05,8.746124856059089e-05,0.9999999999718722,0.9881029820707384,81.56666666666666
DAP,33C,75,2020-09-29 10:36:28,0.0217247911264622,0.05250486365972859,0.08870994639565322,0.2867893131674011,0.9999614422879619,4.926261694039338,83.6
DAP,33C,76,2020-09-29 10:38:32,0.041298842079490625,0.04944639442036133,0.12037497022488824,0.17789221341397965,0.9999999994047761,2.9191910399367496,85.66666666666667
DAP,33C,77,2020-09-29 10:40:34,0.010039282665069734,0.03998339885617549,148.71285717141475,8324558.122901456,0.9999959806909272,8536.764358502305,87.7
DAP,33C,78,2020-09-29 10:42:38,5.282393598448301,3.0876835404252763,0.0001273343096126561,9.202258176240512e-05,0.9999999990532881,0.6536478310355436,89.76666666666667
DAP,33C,79,2020-09-29 10:44:40,6.848386491104053,17.28698250754115,5.363970173634221e-05,0.00014180561409849992,0.9999999834307941,1.8473622846765068,91.8
DAP,33C,80,2020-09-29 10:46:44,0.017602738527989756,0.039995662727144964,175.94502297150504,6817300.593960413,0.9999994308400012,5761.566761981897,93.86666666666666
DAP,33C,81,2020-09-29 10:48:46,7.126958950523172,10.280142228252489,6.55883536586331e-05,0.00010411328915928363,0.9999999854759336,1.19427692966391,95.9
DAP,33C,82,2020-09-29 10:50:50,0.012027609956987166,0.03979461770529749,460.5449156275225,77709951.00943877,0.9999997478899026,21953.32347104152,97.96666666666667
DAP,33C,83,2020-09-29 10:52:52,3.8454834114936816,2.861052349157556,0.00013449826479393608,0.00012460512036458737,0.9999999999634456,0.8473199551496309,100.0
DAP,33C,84,2020-09-29 10:54:56,0.043049032197691205,0.06343327299926918,0.050379861743751204,0.10612418089818518,0.9999999826949462,2.449665664275112,102.06666666666666
DAP,33C,85,2020-09-29 10:56:58,0.005682839696526269,0.03882826788344327,899.5801040308824,661920370.3433198,0.9999983177515115,88064.46167942304,104.1
DAP,33C,86,2020-09-29 10:59:00,0.002764645398013045,0.03949166394281143,67.25839279331156,5227037.1249471465,0.995783668404415,13428.154285778159,106.13333333333334
DAP,33C,87,2020-09-29 11:01:04,0.0016557041317227898,0.038974107180276475,310.9038504630505,237726333.9632608,0.9999996727276776,104835.45621943992,108.2
DAP,33C,88,2020-09-29 11:03:06,5.6153863355363764,4.518211151106645,9.954337229368438e-05,9.55044822292704e-05,0.9999999927147909,0.8193246326099676,110.23333333333333
DAP,33C,89,2020-09-29 11:05:10,1.3365524845863284,12.297959465052397,1.0000011007253792e-06,5.336104858455651e-05,0.12292847324930992,0.3786886264740376,112.3
DAP,33C,90,2020-09-29 11:07:12,0.016861578618214194,0.040275068741989675,169.31911195377026,6600296.243052785,0.9999939609909974,5829.49367712347,114.33333333333333
DAP,33C,91,2020-09-29 11:09:16,0.05835966344340098,0.057517166280743166,0.06770603438835886,0.09327756715228357,0.999999979579296,1.7807524958395413,116.4
DAP,33C,92,2020-09-29 11:11:18,0.008887634886791515,0.03969235895713062,355.49960534951566,60451049.9897204,0.9999999999999999,22893.137565459278,118.43333333333334
DAP,33C,93,2020-09-29 11:13:22,3.336370260204154,5.278795597171318,9.266984447402935e-05,0.0001807784381476185,0.9427475623409789,1.4175037122668905,120.5
DAP,33C,94,2020-09-29 11:15:24,11.769619684983303,80.88045149851729,1.0000000001906755e-06,2.101279723146903e-05,0.2172296219460187,0.4357177426098474,122.53333333333333
DAP,33C,95,2020-09-29 11:17:28,0.026380991223423744,0.046512795309808924,0.14279003526301653,0.2988998253010375,0.9999999999999988,4.826875683016572,124.6
DAP,33C,96,2020-09-29 11:19:30,0.022999225272998188,0.03848980456829101,290.7480880944192,14734919.666248698,0.9999984569501131,7012.719461168242,126.63333333333334
DAP,33C,97,2020-09-29 11:21:34,0.010540108398876636,0.03936519907956457,254.52224466568478,24728909.95194847,0.9999992117223518,13696.288503769858,128.7
DAP,33C,98,2020-09-29 11:23:36,3.4326533313280874,2.3561599835909637,0.00015449797372207307,0.0001342796458988965,0.9999999999998815,0.8156092649462464,130.73333333333332
DAB,33C,1,2020-09-29 15:26:46,20.394393194652693,0.2131547300193397,0.03192170994033751,0.0006483370850026813,0.6467954448477351,0.007598733363388424,0.0
DAB,33C,2,2020-09-29 15:27:40,19.77699221518779,0.19538322411063666,0.037838622507038004,0.000714712644008736,0.66254405629726,0.007572958169624983,0.9
DAB,33C,3,2020-09-29 15:28:34,20.029219331253472,0.19539067400475685,0.03846526204526294,0.0007247341228488585,0.6530700245731679,0.0073181793158453405,1.8
DAB,33C,4,2020-09-29 15:29:28,20.163151092047492,0.20296464624966137,0.03890718243972213,0.0007603825725165267,0.6482588383219366,0.007472278799363591,2.7
DAB,33C,5,2020-09-29 15:30:20,19.857641443349056,0.19262209552786205,0.04078319989742458,0.0007603571358095529,0.6577346666786789,0.0074051526480605305,3.566666666666667
DAB,33C,6,2020-09-29 15:31:14,19.48864724044193,0.18014641397480916,0.042135164162307455,0.0007264845990540581,0.6865504067670759,0.007580974574572442,4.466666666666667
DAB,33C,7,2020-09-29 15:32:08,19.73186884158261,0.19119549695963264,0.040119192636619144,0.000736647611256357,0.6711525099901731,0.007625559728061864,5.366666666666666
DAB,33C,8,2020-09-29 15:33:02,19.92305836610614,0.19376392270576892,0.03868194065562293,0.0007121076173536138,0.6721501737036104,0.007646585634802516,6.266666666666667
DAB,33C,9,2020-09-29 15:33:56,19.670736972561308,0.19249183590008906,0.03816452637802188,0.0007102620266429837,0.6676052437289486,0.007600306188337775,7.166666666666667
DAB,33C,10,2020-09-29 15:34:50,19.472208638243156,0.18862597328007197,0.03809476074875975,0.0006873448920004489,0.6878492933267815,0.007902034850740815,8.066666666666666
DAB,33C,11,2020-09-29 15:35:44,19.221115336489405,0.1925771011779506,0.037954198120306225,0.0007094682899138204,0.6861972263427554,0.008138080412299666,8.966666666666667
DAB,33C,12,2020-09-29 15:36:36,19.391652156209304,0.19239408204974853,0.03651413923321323,0.0006648664309956448,0.7026177421097272,0.008366907048133433,9.833333333333334
DAB,33C,13,2020-09-29 15:37:30,19.538326371939345,0.1964862566979493,0.034623079630013126,0.0006403273957620602,0.7004551126271972,0.008413525574746356,10.733333333333333
DAB,33C,14,2020-09-29 15:38:24,19.471892832185077,0.1991171432750748,0.03381432473374145,0.0006341392329180952,0.7032429303537561,0.008605727564630124,11.633333333333333
DAB,33C,15,2020-09-29 15:39:18,19.570263631381867,0.20511424926376715,0.03232957274143326,0.0006211227248657782,0.7036554666175268,0.008814679766124477,12.533333333333333
DAB,33C,16,2020-09-29 15:40:12,19.527991170523137,0.20828116286459275,0.03131625421573006,0.0006161393007470248,0.6972061558313616,0.008816359924193842,13.433333333333334
DAB,33C,17,2020-09-29 15:41:06,19.793526388517844,0.21121790882419197,0.029643858730441272,0.00058066751141217,0.7020946303545951,0.00891684513301296,14.333333333333334
DAB,33C,18,2020-09-29 15:42:00,19.498348276139364,0.21193475184762328,0.029027658425553715,0.0005777270441090196,0.7045984843552803,0.0091362125065476,15.233333333333333
DAB,33C,19,2020-09-29 15:42:52,19.482218155921892,0.21654140172422792,0.02774883782302501,0.0005624724577437444,0.7086748493418292,0.00943207593317514,16.1
DAB,33C,20,2020-09-29 15:43:46,19.332759224153076,0.21519155561589157,0.027452531229128534,0.0005491030377664124,0.7240426914445126,0.009818875618828484,17.0
DAB,33C,21,2020-09-29 15:44:40,19.52124264671044,0.22526145512602627,0.025715002458326173,0.0005363825509581163,0.7177582516843377,0.0100116984823667,17.9
DAB,33C,22,2020-09-29 15:45:34,18.974819732098396,0.21800493519089442,0.02581534978293605,0.0005257575057174108,0.7384748131731863,0.01050065752538756,18.8
DAB,33C,23,2020-09-29 15:46:28,19.244050814587567,0.2297138540165554,0.023953720779155335,0.0005113404694737881,0.7289759051422555,0.010649021931253697,19.7
DAB,33C,24,2020-09-29 15:47:22,19.212038783960974,0.23575951299187853,0.022913572923841666,0.0005055346698010638,0.7232836427284354,0.010788350548899922,20.6
DAB,33C,25,2020-09-29 15:48:16,19.026391379213518,0.23419363594337522,0.022307323767553074,0.00048411820881844416,0.7441052944948017,0.011399476309133716,21.5
DAB,33C,26,2020-09-29 15:49:10,18.938637313293476,0.23838287397782637,0.021944259389809626,0.0004848316293058949,0.7489445976883505,0.011796283906984296,22.4
DAB,33C,27,2020-09-29 15:50:02,18.807823374331406,0.24186608777049648,0.02071663752715929,0.0004671448274653818,0.7499997747475059,0.012080884098270765,23.266666666666666
DAB,33C,28,2020-09-29 15:50:56,19.07943312614833,0.25568139915464805,0.018928146841496456,0.0004500475216646378,0.7371167594416438,0.01219019993778306,24.166666666666668
DAB,33C,29,2020-09-29 15:51:50,19.36108185639135,0.26281174633648313,0.01793196336363026,0.0004310886441899227,0.7390061623576036,0.012404121434080893,25.066666666666666
DAB,33C,30,2020-09-29 15:52:44,19.33291198626148,0.27032534422318477,0.016747106289680666,0.00041700826507055526,0.733002893388104,0.012583739357788,25.966666666666665
DAB,33C,31,2020-09-29 15:53:38,18.86554013817666,0.27340069987046306,0.01639289974749229,0.00042056212344662974,0.73932079089264,0.013249336128808204,26.866666666666667
DAB,33C,32,2020-09-29 15:54:32,19.051492072446415,0.29231102992664704,0.015035765497737628,0.00041448982469844385,0.7234110670810161,0.013471388276621562,27.766666666666666
DAB,33C,33,2020-09-29 15:55:26,18.76544674005503,0.28712987798263984,0.01475412422901101,0.00039366166482480926,0.7555750499901697,0.014555638590452209,28.666666666666668
DAB,33C,34,2020-09-29 15:56:20,19.524126193346067,0.3128770040055357,0.012965551827096201,0.0003722293239277086,0.7262055891614146,0.014162434014816365,29.566666666666666
DAB,33C,35,2020-09-29 15:57:12,19.256806210097572,0.32957172539546126,0.011937084783647123,0.00037469081036138477,0.7016052580235693,0.01418639331675132,30.433333333333334
DAB,33C,36,2020-09-29 15:58:06,19.241057752658282,0.322996046562878,0.011865220636313982,0.000350006959599362,0.7467436186547168,0.015613041274216454,31.333333333333332
DAB,33C,37,2020-09-29 15:59:00,19.30368986546881,0.3545235553495099,0.010489695442318215,0.00035245144959410683,0.7038802737227513,0.015305127936973218,32.233333333333334
DAB,33C,38,2020-09-29 15:59:54,18.98358492945423,0.36891100752026956,0.009880753935676407,0.00034781648149053416,0.7140227855042881,0.016623840865012986,33.13333333333333
DAB,33C,39,2020-09-29 16:00:48,19.136409708126397,0.39261774691144213,0.008825327386759398,0.00033046137228295353,0.705949954449753,0.01717412003740861,34.03333333333333
DAB,33C,40,2020-09-29 16:01:42,19.354813712845054,0.4102074562511608,0.008227998003827262,0.00031972510688733333,0.7010559772589545,0.017506162759719092,34.93333333333333
DAB,33C,41,2020-09-29 16:02:36,19.830882437967176,0.4487586488586483,0.007185342358397417,0.0003078270497879895,0.6685373615800142,0.017099010293224855,35.833333333333336
DAB,33C,42,2020-09-29 16:03:30,19.0004060178422,0.4275920676332644,0.007232802495881487,0.0002955595269340625,0.7106222707802456,0.019043432268641188,36.733333333333334
DAB,33C,43,2020-09-29 16:04:22,18.102251884669464,0.4171354533611268,0.00709709389778286,0.00028594982695897354,0.7507763367933548,0.02158100107018638,37.6
DAB,33C,44,2020-09-29 16:05:16,19.370444573586248,0.4986601448429999,0.005765017602583867,0.0002746110544868897,0.6905328093733422,0.020617666292918158,38.5
DAB,33C,45,2020-09-29 16:06:10,18.641331111218797,0.5138163407744344,0.005331637020576868,0.0002713094874750062,0.692491075796439,0.022174500505736383,39.4
DAB,33C,46,2020-09-29 16:07:04,19.445413637234452,0.6015503569708451,0.004316819751547271,0.00025791323112388725,0.6472469179160332,0.02189830879653134,40.3
DAB,33C,47,2020-09-29 16:07:58,19.350142049855,0.610084558920802,0.004119771894623584,0.0002470115815216765,0.6618888990789363,0.023252829146579813,41.2
DAB,33C,48,2020-09-29 16:08:52,18.860584735309153,0.6309307216261923,0.0037451471237769595,0.00023438204535179572,0.6774318916891884,0.02572551821171911,42.1
DAB,33C,49,2020-09-29 16:09:46,19.419335982545757,0.7702865422034726,0.0029591691745187872,0.00023516962049486312,0.6109825977702935,0.025072570337032193,43.0
DAB,33C,50,2020-09-29 16:10:40,19.546187260301554,0.8037532835880067,0.0026244425441615325,0.00021279172999311944,0.6247340709521635,0.027032232142353608,43.9
DAB,33C,51,2020-09-29 16:11:32,19.045195558545206,0.8217182517759868,0.0025295281113796152,0.00021208825562774836,0.6379978758419171,0.029474000247520914,44.766666666666666
DAB,33C,52,2020-09-29 16:12:26,19.23441367335044,0.9240376437827623,0.0021976746502127293,0.0002078792514264096,0.6245819708914214,0.03144483603090921,45.666666666666664
DAB,33C,53,2020-09-29 16:13:20,18.00339807822253,0.9476984444812127,0.001911982160975183,0.0001933173389666165,0.6464389814866128,0.036606843333329385,46.56666666666667
DAB,33C,54,2020-09-29 16:14:14,18.46578580210557,1.0066067888447232,0.0016951361126676904,0.00017369383859705724,0.6658783308825007,0.03992095381842797,47.46666666666667
DAB,33C,55,2020-09-29 16:15:08,18.756788343822674,1.2069953351074079,0.001413417357223271,0.00018122067657227604,0.6089349929259235,0.03966307080933072,48.36666666666667
DAB,33C,56,2020-09-29 16:16:02,18.721367883997868,1.3891259984440383,0.001171054281577373,0.0001765493495998744,0.5889384324683207,0.04267301976488036,49.266666666666666
DAB,33C,57,2020-09-29 16:16:56,18.80332162976603,1.540978493795874,0.0009372971959078829,0.00015224755823555028,0.6071853557286886,0.049386397923987656,50.166666666666664
DAB,33C,58,2020-09-29 16:17:50,17.131094463026677,1.6070377358290249,0.0009248691442668522,0.0001741107413043368,0.5958992486743906,0.05455906499912532,51.06666666666667
DAB,33C,59,2020-09-29 16:18:44,18.380256129095986,1.5571862168600124,0.0008586262503208059,0.00013975004379918526,0.6339280339309553,0.05505671843495272,51.96666666666667
DAB,33C,60,2020-09-29 16:19:38,18.420220876588413,2.0112780822229617,0.0006331864574707895,0.00013631828332286942,0.6031916254390446,0.06352837800979799,52.86666666666667
DAB,33C,61,2020-09-29 16:21:40,16.271455293954585,0.9151706152357039,0.0006592028189621854,6.747059386434727e-05,0.6792941550066944,0.040875870877305195,54.9
DAB,33C,62,2020-09-29 16:23:42,19.37400334581513,1.7747554655376612,0.0003198328583521195,6.004461269781684e-05,0.5492723812782229,0.04239027093033914,56.93333333333333
DAB,33C,63,2020-09-29 16:25:46,18.522487961168885,2.022471049023247,0.000260512681784309,5.3714221029212065e-05,0.608369826748747,0.059177047220823766,59.0
DAB,33C,64,2020-09-29 16:27:48,17.207504395580706,2.99453146024331,0.00016774845056688765,5.422471365491128e-05,0.5974903483911941,0.08548844347746817,61.03333333333333
DAB,33C,65,2020-09-29 16:29:52,19.3045875378877,3.7164105390829927,0.00013421463535803418,4.3725615418834836e-05,0.6607167873981894,0.10728593417122621,63.1
DAB,33C,66,2020-09-29 16:31:54,28.32910417080868,12.407062534597602,4.464102837052421e-05,3.9181970947929015e-05,0.46233857396398914,0.1115138188331761,65.13333333333334
DAB,33C,67,2020-09-29 16:33:58,0.004988890534538421,0.04176306356376799,141.93984483325934,15820737.050823275,0.9999991807862021,17119.49205113162,67.2
DAB,33C,68,2020-09-29 16:36:00,13.052193991246211,6.263567181455062,8.85157232337629e-05,6.849486555629401e-05,0.6630788932497529,0.24234069000393527,69.23333333333333
DAB,33C,69,2020-09-29 16:38:04,0.0147777928398936,0.040154208105986744,277.23978234601435,21609933.414925773,0.9999999335232604,10857.188914644457,71.3
DAB,33C,70,2020-09-29 16:40:06,10.83310550546752,8.063319477042644,7.414012971218785e-05,8.078159518598787e-05,0.7259504452045512,0.40779238595750117,73.33333333333333
DAB,33C,71,2020-09-29 16:42:08,0.016693126925514556,0.03934396824878688,215.4911943430637,10927920.450516503,0.9999996899521106,7320.236012479183,75.36666666666666
DAB,33C,72,2020-09-29 16:44:12,0.018361767886950563,0.0399011391701146,112.16895352199602,2472863.656896579,0.9999643711346321,3512.8068966229257,77.43333333333334
DAB,33C,73,2020-09-29 16:46:14,0.02233710305111252,0.0524097019737232,44.17845038975689,88952.91997558963,0.7770160734258087,301.67813282301563,79.46666666666667
DAB,33C,74,2020-09-29 16:48:18,7.049600698909469,4.976492469152807,9.485092138225583e-05,7.920711755921951e-05,0.999999841340273,0.7040936634315276,81.53333333333333
DAB,33C,75,2020-09-29 16:50:20,0.009961508026242037,0.039286688590091254,236.30599668633585,22276728.23574647,0.9999994795540965,13429.808624178922,83.56666666666666
DAB,33C,76,2020-09-29 16:52:24,1.1503291185739406,1.9630951710857598,0.0001822229968215127,0.00040077635329370125,0.9999991743679023,2.1189914751432424,85.63333333333334
DAB,33C,77,2020-09-29 16:54:26,27.09144405203743,168.1517587930902,1.0000000000000002e-06,1.6375750154872744e-05,0.24663575089961182,0.43336357200054815,87.66666666666667
DAB,33C,78,2020-09-29 16:56:30,5.303759459379936,4.382941734150721,0.00010043128137456316,9.910543830539736e-05,0.9999999990215428,0.8446325513243835,89.73333333333333
DAB,33C,79,2020-09-29 16:58:32,13.113299842080526,71.29584404034014,2.2423945465645985e-05,0.00015811441784298487,0.6448231186670996,1.5823605064942197,91.76666666666667
DAB,33C,80,2020-09-29 17:00:36,8.419872063860547,6.8431425405374,7.973909365470774e-05,7.429887707681974e-05,0.9999999992883726,0.7473401750098598,93.83333333333333
DAB,33C,81,2020-09-29 17:02:38,5.3831900892179165,3.999322833701407,0.0001066901013665422,9.555153750626964e-05,0.9999999999999949,0.778273596484271,95.86666666666666
DAB,33C,82,2020-09-29 17:04:42,0.030977033387778442,0.04849933686800217,0.12078008056022485,0.2331866694297499,0.999999999677241,3.8256875524358547,97.93333333333334
DAB,33C,83,2020-09-29 17:06:44,0.01916183960871425,0.039305707868312036,227.97641697776626,10729713.836688552,0.9999999890788626,6739.181468611817,99.96666666666667
DAB,33C,84,2020-09-29 17:08:48,5.4899011061840195,6.21058810228001,8.362698916297091e-05,0.00010944543812655085,0.9999999996768055,1.0648609944377394,102.03333333333333
DAB,33C,85,2020-09-29 17:10:50,0.018012148965655596,1.5562375909434507,17337.54045588823,19107366.536330804,0.10000409425131146,32.70671721803605,104.06666666666666
DAB,33C,86,2020-09-29 17:12:52,0.01951607852690489,0.03909803123178935,89.17553136092027,1387358.1202678361,0.9998513546126682,2572.576887309658,106.1
DAB,33C,87,2020-09-29 17:14:56,59.55652355627763,309.41548417414475,1.000046422803887e-06,1.216114274491661e-05,0.27095665986585243,0.3826911590261428,108.16666666666667
DAB,33C,88,2020-09-29 17:16:58,36.657005040352914,210.92317272510934,1.0000000000000002e-06,1.45096434762029e-05,0.2557718889215704,0.410897002783007,110.2
DAB,33C,89,2020-09-29 17:19:02,0.008569236959610843,1.664942153054286,659.7581063213051,292640.02988343267,0.1000009116516629,53.187372117830044,112.26666666666667
DAB,33C,90,2020-09-29 17:21:04,0.9182273863810094,1.6314127835398824,0.00022399198341000454,0.0005396724447844673,0.9558196867742715,2.1254554048356242,114.3
DAB,33C,91,2020-09-29 17:23:08,0.0218937832653531,1.6607724898410607,873.256721791802,165174.93787879052,0.10000148583706749,21.35009876526192,116.36666666666666
DAB,33C,92,2020-09-29 17:25:10,0.013954542949246524,0.039963428584588165,105.47206489599765,2853748.3952013296,0.9999950216190973,4354.024910939161,118.4
DAB,33C,93,2020-09-29 17:27:14,0.012692335711496701,0.04697238980167418,57.288633363455034,409579.9483385671,0.86339515880382,1118.2956700633777,120.46666666666667
DAB,33C,94,2020-09-29 17:29:16,0.025531125074400335,0.039805859684370205,729.068659052507,97280635.74197966,0.9999999988068397,16381.51743248963,122.5
DAB,33C,95,2020-09-29 17:31:20,0.009513222917529505,0.03897533409556199,413.61145395588943,76504490.10189584,0.999998673203263,24406.242952249188,124.56666666666666
DAB,33C,96,2020-09-29 17:33:22,31.725408972017725,153.7096211084691,1.000000384094645e-06,1.302857073912423e-05,0.24280724719432137,0.33478454869901725,126.6
DAB,33C,97,2020-09-29 17:35:26,0.009862421529007598,1.8893149830385048,19.129616213838357,25290.493797229396,0.10000001028091499,36.96539427463752,128.66666666666666
DAB,33C,98,2020-09-29 17:37:28,0.03060691085062046,0.045414887975310986,0.2024193871877851,0.4195144500756343,0.9999999977031298,5.284724869583628,130.7
DAB,33C,99,2020-09-29 17:39:32,0.005387143641982726,0.03985325564136784,140.52203087793828,13676708.039040098,0.9999165045993506,14970.974179566236,132.76666666666668
DAB,33C,100,2020-09-29 17:41:34,0.015532010106798904,0.03909232648794007,116.22138692894308,3092955.001774091,0.9999982128369493,4216.782826782727,134.8
DAB,33C,101,2020-09-29 17:45:54,4.903202477630179,1.3269951854018474,9.405683879154343e-05,3.0069581368778866e-05,0.9999999999736409,0.2689420993554249,139.13333333333333
DAB,33C,102,2020-09-29 17:50:14,4.293384456873689,1.1665563559244168,0.00010026930359264823,3.252428826333157e-05,0.9999999999999966,0.2775229296771131,143.46666666666667
DAB,33C,103,2020-09-29 17:54:34,4.124927433740907,1.1583967105089557,0.00010003089926727572,3.352297028260325e-05,0.999999999999774,0.2865504521649627,147.8
DAB,33C,104,2020-09-29 17:58:52,5.004117138503951,1.2315144535599416,9.958733261990927e-05,3.3749000163073756e-05,0.828447101464306,0.18346993928327093,152.1
DAB,33C,105,2020-09-29 18:03:12,5.53920495179456,1.3824651239072476,8.860551417883902e-05,2.5853364568171375e-05,0.999999999999739,0.24142626440333909,156.43333333333334
DAB,33C,106,2020-09-29 18:07:32,4.504123146058662,1.626666600152889,8.34533868028921e-05,4.239204225208062e-05,0.7801050970478465,0.22999344519341433,160.76666666666668
DAB,33C,107,2020-09-29 18:11:52,3.4961673833254547,1.3742634749903462,8.740667580005807e-05,4.0069620110875e-05,0.9999999999975904,0.37784236418389827,165.1
DAB,33C,108,2020-09-29 18:16:12,4.229120889646775,0.8939041762795441,0.00011312216603158288,2.907775936193309e-05,0.9999999998471374,0.22650997996622943,169.43333333333334
DAB,33C,109,2020-09-29 18:20:30,4.306026112803648,0.951745480104126,0.00011452627723483346,3.083907242376841e-05,0.9999999999997301,0.2379618162617173,173.73333333333332
DAB,33C,110,2020-09-29 18:24:50,5.492802820785435,1.5219845890369765,8.777592364225195e-05,3.164175440175892e-05,0.8698787544403159,0.21327945430235132,178.06666666666666
DAB,33C,111,2020-09-29 18:29:10,4.0954485386595385,0.8991695728611622,0.00011663579399627691,3.127977508862207e-05,0.9999999999999802,0.23798439052944825,182.4
DAB,33C,112,2020-09-29 18:33:30,5.970013351844318,1.5966229791210496,8.460323471785614e-05,3.0228058728438368e-05,0.8347405784189299,0.19014962538984426,186.73333333333332
DAB,33C,113,2020-09-29 18:37:50,3.918449490705074,3.7569342341041705,4.634847843298601e-05,7.155944692639708e-05,0.5963866171023157,0.34242688607431154,191.06666666666666
DAB,33C,114,2020-09-29 18:42:10,2.839151189542113,1.1898841198054904,9.34983337986007e-05,4.6241127263520055e-05,0.99999999990381,0.4153782440166739,195.4
DAB,33C,115,2020-09-29 18:46:30,1.91112029845322,0.9771505163290866,0.00011380912354345543,7.082824327342149e-05,0.9999999999999915,0.5491769441059569,199.73333333333332
DAB,33C,116,2020-09-29 18:50:50,4.361745342609524,0.9438443775239226,0.00011319891928147989,2.979188649759767e-05,0.9999993400846299,0.23195167009257858,204.06666666666666
DAB,33C,117,2020-09-29 18:55:08,4.613390219717357,0.9875377332141343,0.00010894979749131398,2.8203927324019894e-05,0.999999999998699,0.22610244554435788,208.36666666666667
DAB,33C,118,2020-09-29 18:59:28,4.558870599691256,1.3785848102838865,9.12888945355875e-05,3.244279312565964e-05,0.9999999999809902,0.29652746534137014,212.7
DAB,33C,119,2020-09-29 19:03:48,5.022825318900627,1.1591990214596477,9.658496619478737e-05,2.6448272206646795e-05,0.9999999999999918,0.23200555856292504,217.03333333333333
DAB,33C,120,2020-09-29 19:08:08,4.236562901375303,0.8624017222016004,0.00011971297607745991,2.9876280256967566e-05,0.9999999999998118,0.22275507567244612,221.36666666666667
DAB,33C,121,2020-09-29 19:12:28,3.617368008615265,1.588959457587595,8.35277916313784e-05,4.95174737102935e-05,0.8219799038771696,0.3034140423304746,225.7
DAB,33C,122,2020-09-29 19:16:48,4.39449410058015,1.3587838437475193,8.984687917755933e-05,3.321628172357509e-05,0.9744222631574045,0.28852155554063524,230.03333333333333
DAB,33C,123,2020-09-29 19:21:08,5.255899586278086,1.4455044803374069,8.810449018958252e-05,3.077944266757207e-05,0.8975816041289554,0.22287435611646486,234.36666666666667
DAB,33C,124,2020-09-29 19:25:28,5.0025352724632315,1.212098317544184,9.688889474667539e-05,2.7869263732390663e-05,0.9999999999864627,0.24390665358518862,238.7
DAB,33C,125,2020-09-29 19:29:48,4.495025278558561,1.0687277921030263,0.0001027370011212491,2.927377343025094e-05,0.9999999997916219,0.24530178637329475,243.03333333333333
DAB,33C,126,2020-09-29 19:34:16,5.025555796626728,1.3616491663095593,9.25773227215533e-05,2.95501469541398e-05,0.9999999999999999,0.26736162614627573,247.5
DAB,33C,127,2020-09-29 19:38:36,4.84262236630544,1.363893073172786,9.142310844765004e-05,3.0268463135716744e-05,0.9999999999732503,0.2763604740754026,251.83333333333334
DAB,33C,128,2020-09-29 19:42:56,5.072064763793972,2.5431146029925484,6.490313286029979e-05,4.902722365239198e-05,0.6840382214993537,0.24073614579827787,256.1666666666667
DAB,33C,129,2020-09-29 19:47:16,4.650512481264485,1.2289324672372057,9.624259746479848e-05,3.015895639427617e-05,0.9999999999121206,0.26524661648473574,260.5
DAB,33C,130,2020-09-29 19:51:38,4.889239860429975,1.1127219585164705,9.972220189544339e-05,2.7069970514708682e-05,0.9999999986339467,0.231922122217083,264.8666666666667
DAB,33C,131,2020-09-29 19:55:58,4.6726955242796695,1.122977032784843,0.00010526022623580504,3.228420506850008e-05,0.9247919931402644,0.2192955156788255,269.2
DAB,33C,132,2020-09-29 20:00:18,6.026616667128213,2.1890902581403897,7.177889526393601e-05,3.640809210565414e-05,0.7644409107355312,0.21223455687825163,273.53333333333336
DAB,33C,133,2020-09-29 20:04:42,1.589886299649106,0.8730143567694268,0.00011428910351318293,7.643313231192339e-05,0.9999999999936121,0.5907190948058144,277.93333333333334
DAB,33C,134,2020-09-29 20:09:02,4.0641430682347846,0.9792980949893668,0.00010928930444912051,3.1862258834039706e-05,0.9999999871538234,0.25482656156661493,282.26666666666665
DAB,33C,135,2020-09-29 20:13:22,4.836607256501409,1.192935719629583,9.645800407818107e-05,2.8390117958004364e-05,0.9922742928649083,0.24461521670523426,286.6
DAB,33C,136,2020-09-29 20:17:42,4.75916927789695,1.3990843235216694,9.034670109144588e-05,3.115762440471585e-05,0.9999999999998423,0.2869205344774558,290.93333333333334
DAB,33C,137,2020-09-29 20:22:02,4.606932133574806,1.3849405159526842,9.243667706075382e-05,3.6669671968497966e-05,0.8630882396295712,0.23313779045438113,295.26666666666665
DAB,33C,138,2020-09-29 20:26:26,3.704393357372934,1.048991944518113,0.00010371584289554773,3.5250449094339356e-05,0.9999999999999998,0.29329376441540084,299.6666666666667
EDA,40C,1,2020-07-29 14:31:02,20.305622477609408,0.3148204790824695,0.015993325627681118,0.0004987098892097824,0.6132315345584157,0.010032453082449082,0.0
EDA,40C,2,2020-07-29 14:31:54,20.422887930099563,0.27478155862610926,0.02185679648500151,0.0005963380203224217,0.6068026659598955,0.00860081245719167,0.8666666666666667
EDA,40C,3,2020-07-29 14:32:48,19.142065655473424,0.22880096105561087,0.02927248439712073,0.0006810012733553297,0.6450221671246388,0.008605155186190459,1.7666666666666666
EDA,40C,4,2020-07-29 14:33:42,18.558636757974035,0.20263686900770939,0.034163776081982275,0.000702387734517216,0.6769842591842329,0.00861009546010548,2.6666666666666665
EDA,40C,5,2020-07-29 14:34:36,18.555791505589667,0.2014719747976323,0.03511653787635546,0.0007194569559544404,0.6749858232514827,0.008533619559167281,3.566666666666667
EDA,40C,6,2020-07-29 14:35:30,18.695839766090213,0.20148348329915058,0.0355813742767516,0.0007267365256804474,0.6707805631134428,0.008389352417693383,4.466666666666667
EDA,40C,7,2020-07-29 14:36:24,18.5934550934331,0.20006888217209665,0.03549359621952464,0.000722285163699735,0.6728206394524409,0.008417514012122353,5.366666666666666
EDA,40C,8,2020-07-29 14:37:18,18.247589428736116,0.19704606569802144,0.03634850863053467,0.0007291071995124708,0.6904754760981582,0.008837774610248882,6.266666666666667
EDA,40C,9,2020-07-29 14:38:12,18.106199616606776,0.19075830599363328,0.036670161826457694,0.0007134831045407515,0.6963064244725857,0.008751117069577702,7.166666666666667
EDA,40C,10,2020-07-29 14:39:06,18.107627102792264,0.18730875010701467,0.036501234913147725,0.0006865847214487055,0.7120442951440058,0.008925358577641587,8.066666666666666
EDA,40C,11,2020-07-29 14:39:58,18.119852527801363,0.1938526007037094,0.035375321492306044,0.0006950632540939662,0.701850292983767,0.008990515097062347,8.933333333333334
EDA,40C,12,2020-07-29 14:40:52,18.009937414574637,0.1906641752338841,0.03532529970239074,0.0006770704718392368,0.7165271307278931,0.009221250123268711,9.833333333333334
EDA,40C,13,2020-07-29 14:41:46,18.087533238437892,0.19602047704697897,0.03371737731134424,0.0006673099389364265,0.7075441961024993,0.009216968171997702,10.733333333333333
EDA,40C,14,2020-07-29 14:42:40,17.78585639090869,0.19009908409273318,0.033821821888119726,0.0006508899419392405,0.7222032805753,0.00942505202417634,11.633333333333333
EDA,40C,15,2020-07-29 14:43:34,17.76130405051401,0.19602281182596232,0.03278155019024034,0.0006530445151556192,0.7195768014734689,0.009660590267037097,12.533333333333333
EDA,40C,16,2020-07-29 14:44:28,17.769441283307984,0.19955423737580952,0.031107512322562796,0.0006303356574739,0.7199012453997993,0.009824902498554108,13.433333333333334
EDA,40C,17,2020-07-29 14:45:22,17.532832140580364,0.19579262798364766,0.030921659209168242,0.0006066316471111002,0.7483756466969493,0.010475356752795652,14.333333333333334
EDA,40C,18,2020-07-29 14:46:16,17.74925255177174,0.20334855615601186,0.029244756594886526,0.0005937579605619032,0.7389053089262834,0.010494217967605225,15.233333333333333
EDA,40C,19,2020-07-29 14:47:10,17.88769519124627,0.20960841584050566,0.027689175987537687,0.0005739730819222149,0.7407613902683676,0.010776423963622408,16.133333333333333
EDA,40C,20,2020-07-29 14:48:02,17.633123530271494,0.20708056831617402,0.026985164172548388,0.0005512137731383666,0.7591763892066025,0.011293578737632301,17.0
EDA,40C,21,2020-07-29 14:48:56,17.562749009345733,0.21334714897794496,0.025722365692984264,0.000543804839758805,0.7584834728460093,0.01165951928503882,17.9
EDA,40C,22,2020-07-29 14:49:50,17.861454867719246,0.22223847096636037,0.023469376766168653,0.0005147661024845218,0.7443621669448933,0.011532730939905497,18.8
EDA,40C,23,2020-07-29 14:50:44,17.40540898235244,0.2230114232935608,0.023207204478739918,0.0005122422497911357,0.7697076418642074,0.012629022082370952,19.7
EDA,40C,24,2020-07-29 14:51:38,17.654889690036413,0.23724370255789765,0.021208201434942234,0.0005007030854773777,0.7478923111047481,0.012559591502613265,20.6
EDA,40C,25,2020-07-29 14:52:32,17.415635809008005,0.23910690230152484,0.02019839078408141,0.00048152233064370183,0.7607255227834891,0.013238235333012677,21.5
EDA,40C,26,2020-07-29 14:53:26,18.03724752129383,0.2675250517895692,0.017944675215716677,0.00048478845967390186,0.7093578568007151,0.012567033983178417,22.4
EDA,40C,27,2020-07-29 14:54:20,17.914343249080602,0.26509643431536145,0.016823920663202426,0.00044605543335451454,0.7265368599689248,0.013101749524297997,23.3
EDA,40C,28,2020-07-29 14:55:14,17.87753458694335,0.2758814326027889,0.015682985462493786,0.000432577251144743,0.7289671807076841,0.013743965230618238,24.2
EDA,40C,29,2020-07-29 14:56:08,17.697346678139585,0.2881754810674114,0.014576186941670538,0.00042176928706715055,0.7350817277266841,0.014723987122052919,25.1
EDA,40C,30,2020-07-29 14:57:00,17.232784625123017,0.2935674543233536,0.013899576217899931,0.0004155759110363447,0.7483959490985899,0.015919438728315943,25.966666666666665
EDA,40C,31,2020-07-29 14:57:54,17.428630924249656,0.318187884721204,0.012149562794449674,0.00039821456525268714,0.7238445108266351,0.01603325109143964,26.866666666666667
EDA,40C,32,2020-07-29 14:58:48,17.80609633123542,0.3505187612401847,0.010667702331978312,0.0003872979172167726,0.6956783414537537,0.016054186796976688,27.766666666666666
EDA,40C,33,2020-07-29 14:59:42,17.68832569282864,0.362227734029612,0.009750118609624946,0.0003657506604169123,0.7024137175922739,0.01699331963733628,28.666666666666668
EDA,40C,34,2020-07-29 15:00:36,18.108725387845233,0.4091483046802076,0.00816292326194283,0.00035046319844430675,0.6652677517295347,0.01693324651870131,29.566666666666666
EDA,40C,35,2020-07-29 15:01:30,17.36323894288623,0.4000574408932303,0.00803337930868416,0.0003380854374278707,0.7048437235462648,0.01921902276814895,30.466666666666665
EDA,40C,36,2020-07-29 15:02:24,17.845172593700788,0.47081528389127464,0.006508006722167727,0.0003310087789794109,0.6506582453107617,0.018940810743790427,31.366666666666667
EDA,40C,37,2020-07-29 15:03:18,17.252960829895333,0.49998192868482233,0.005932729019424398,0.0003273679062140211,0.6622642151569886,0.021482199202625927,32.266666666666666
EDA,40C,38,2020-07-29 15:04:12,17.936670351284246,0.580031581057674,0.004839330983656416,0.0003079077517084617,0.63027323238278,0.021815444668661383,33.166666666666664
EDA,40C,39,2020-07-29 15:05:06,17.517260011742113,0.5960500963638221,0.00438587095996433,0.00028880848728260087,0.6453906113960669,0.02396275104217865,34.06666666666667
EDA,40C,40,2020-07-29 15:06:00,18.50948497544414,0.7459144453452128,0.0032516547153045457,0.00027283691978972284,0.5775238864763611,0.02296565434482635,34.96666666666667
EDA,40C,41,2020-07-29 15:06:52,17.242271704133767,0.7043964612223319,0.00320963287377187,0.00025597351283557945,0.6354369947467621,0.027823014360443182,35.833333333333336
EDA,40C,42,2020-07-29 15:07:46,17.522561026919057,0.8140523992068295,0.0026154839925570925,0.0002419148414666412,0.6158377232055849,0.029732202151103854,36.733333333333334
EDA,40C,43,2020-07-29 15:08:40,17.032578864617253,0.9090738502120085,0.00219029623445777,0.00023774196012967918,0.5953138215594407,0.03193955247792337,37.63333333333333
EDA,40C,44,2020-07-29 15:09:34,17.40783387712967,1.0206707169144802,0.0018068071489106311,0.00021276083884118918,0.6046669013011304,0.035944480210569056,38.53333333333333
EDA,40C,45,2020-07-29 15:10:28,17.112692833869605,1.1632191593103847,0.0014676891225371257,0.0002003573434510326,0.602315132601779,0.041105161930593374,39.43333333333333
EDA,40C,46,2020-07-29 15:11:22,16.335834830376022,1.216447149547011,0.0013405798391021083,0.00019978098599948235,0.6042596992127371,0.04515794635452505,40.333333333333336
EDA,40C,47,2020-07-29 15:12:16,14.00723095328205,1.1450311387637633,0.0012916936062836624,0.00019461659468621612,0.6814240628671937,0.0619129290312046,41.233333333333334
EDA,40C,48,2020-07-29 15:13:10,18.681269842373993,2.1389980909296007,0.0006423070647762148,0.00016302779766955977,0.5071819901825136,0.04846031720730541,42.13333333333333
EDA,40C,49,2020-07-29 15:14:04,16.590176534757223,2.1779259350878863,0.0006125403393626904,0.00017247250264435107,0.5318394958791088,0.060447635352974385,43.03333333333333
EDA,40C,50,2020-07-29 15:14:58,20.306596867340264,3.124840325475607,0.00038369387062014304,0.00013167711598642936,0.49074635504916586,0.05917989768924983,43.93333333333333
EDA,40C,51,2020-07-29 15:15:52,21.55598410276368,4.512613875489629,0.00024769659763248397,0.00011780355781368433,0.4650417449604913,0.07035956681895891,44.833333333333336
EDA,40C,52,2020-07-29 15:16:46,14.5352350224237,2.518345608618992,0.00044670855011632156,0.00014921684090998447,0.6127075799265265,0.10093891100592227,45.733333333333334
EDA,40C,53,2020-07-29 15:17:40,14.026813919434474,2.987786476570895,0.0003639327277511743,0.0001479423824044542,0.6141113926233143,0.12214721949290898,46.63333333333333
EDA,40C,54,2020-07-29 15:18:34,0.011521656608794869,0.056349486500825614,734.3827009330928,141630955.5262418,0.9999999975962705,25851.783903864478,47.53333333333333
EDA,40C,55,2020-07-29 15:19:28,13.37377747569113,5.222057007673986,0.00020298800134930899,0.00016364817085203918,0.525107274008316,0.15826980893403997,48.43333333333333
EDA,40C,56,2020-07-29 15:20:22,9.683736496443291,2.529966193998695,0.0003564928642684329,0.00015039314688133904,0.7791789494616141,0.230903075887532,49.333333333333336
EDA,40C,57,2020-07-29 15:21:16,63.46813226875191,118.42478087869364,1.00008026494676e-06,6.0904608570369715e-06,0.20436563152065793,0.11184514840901624,50.233333333333334
EDA,40C,58,2020-07-29 15:22:10,13.332232597082864,9.53579910036261,0.00010827735597002324,0.00016324723692532893,0.48108956732091007,0.22859629987764085,51.13333333333333
EDA,40C,59,2020-07-29 15:23:04,0.8230762036221942,10.988959455321043,1.1126613081380022e-05,0.0006728637823776115,0.16072699650128364,0.7409455575001029,52.03333333333333
EDA,40C,60,2020-07-29 15:24:00,8.784226568320046,2.9774792448089955,0.00023580617255634315,0.00010543373525744566,0.9999999995952804,0.4452663314048597,52.96666666666667
EDA,40C,61,2020-07-29 15:26:02,9.974081855268917,4.510700274767588,0.00011122509989686356,8.068947395664196e-05,0.6911983474050113,0.25951301971325713,55.0
EDA,40C,62,2020-07-29 15:28:06,14.980275665273384,24.688682096387634,1.8766898047839604e-05,6.87933260134911e-05,0.37240290046359137,0.2697104514829479,57.06666666666667
EDA,40C,63,2020-07-29 15:30:08,3.353067872905471,1.662016048885036,0.00020987062941550482,0.0001358692801517496,0.9999999986950721,0.6358512514738108,59.1
EDA,40C,64,2020-07-29 15:32:12,0.011375030889866607,1.6065729793659704,930.9974991986761,338664.89973188774,0.100000243266337,40.00376002081934,61.166666666666664
EDA,40C,65,2020-07-29 15:34:14,0.02147949574823488,0.0391576785344891,495.9733006902428,50119092.6489315,0.9999335315517615,13020.803067821038,63.2
EDA,40C,66,2020-07-29 15:36:18,6.019139934650759,3.1192752619090536,0.00012513748950797513,7.999085832634336e-05,0.9999999999918329,0.57604787746104,65.26666666666667
EDA,40C,67,2020-07-29 15:38:20,46.57047628699659,378.78961772023484,1.0000004574781406e-06,1.8245197705950057e-05,0.2797077866640278,0.6079333536141499,67.3
EDA,40C,68,2020-07-29 15:40:24,0.0033332047094014007,0.03862813896791895,239.55009039703774,67454554.45675257,0.9999979647111398,40031.45219195685,69.36666666666666
EDA,40C,69,2020-07-29 15:42:26,5.112987728503376,5.353405069670608,8.9516147728474e-05,0.00010977209276295649,0.9999999903812988,1.017593708386026,71.4
EDA,40C,70,2020-07-29 15:44:30,6.647391756091463,3.4337972098090725,0.00012265567980841724,8.401336399422102e-05,0.9038492130159653,0.47802916922677774,73.46666666666667
EDA,40C,71,2020-07-29 15:46:32,8.530795483806,7.248265465277153,7.816810320310172e-05,0.00010428656463223815,0.6718962706366473,0.4221165790753091,75.5
EDA,40C,72,2020-07-29 15:48:36,37.15815312600349,85.16165751201396,6.868576735513634e-06,3.2468224111199245e-05,0.35831665819927006,0.2925255630398666,77.56666666666666
EDA,40C,73,2020-07-29 15:50:38,3.261506857901732,2.7360269299539386,0.0001365600463406463,0.00014292471869110034,0.9999999962272544,0.9600891605340848,79.6
EDA,40C,74,2020-07-29 15:52:42,5.886041896170109,4.765174331865272,0.00010089860276348873,0.00010636828880746806,0.893284212301311,0.6862949297859885,81.66666666666667
EDA,40C,75,2020-07-29 15:54:44,0.010735440756227356,1.7503751843217306,178.848375312052,106588.40112735351,0.10000008216493574,39.22680328333789,83.7
EDA,40C,76,2020-07-29 15:56:48,3.7321110840368514,16.788457471550288,1.0000043609800176e-06,2.0198864604171287e-05,0.15014598148181862,0.20165425296687092,85.76666666666667
EDA,40C,77,2020-07-29 15:58:50,2.8633416255028203,1.8626958974126804,0.0001933139745215361,0.00016623467669329325,0.9728608783570196,0.7788983408973623,87.8
EDA,40C,78,2020-07-29 16:00:54,0.02384381654629164,1.573909212120138,3421.5951806480125,1347990.6486650605,0.10000287173016802,21.27124446558322,89.86666666666666
EDA,40C,79,2020-07-29 16:02:56,2.0268331080635793,2.3385566291953848,0.00015637506952409673,0.0002287736360301996,0.999999992296328,1.375739001366463,91.9
EDA,40C,80,2020-07-29 16:05:00,0.012763772615422228,0.03951385276780857,213.3532500090881,14033209.875593964,0.9998485637920446,9506.905657952679,93.96666666666667
EDA,40C,81,2020-07-29 16:07:02,4.032766968167868,4.245026541874212,0.00010319681586695347,0.00013027650896012,0.9999997905601052,1.0880194165524304,96.0
EDA,40C,82,2020-07-29 16:09:06,0.013129257760119533,0.03947004184316874,509.99535522809066,87665830.15029225,0.9999999947183545,22073.41865986368,98.06666666666666
EDA,40C,83,2020-07-29 16:11:08,3.7062712328521967,2.1952599163027298,0.0001657243381025154,0.00012526517393781608,0.9999999998807249,0.71768490040586,100.1
EDA,40C,84,2020-07-29 16:13:12,9.145133455326047,48.982351958154304,1.0000000019064577e-06,1.8035613816956352e-05,0.19824846083272094,0.31153627778006177,102.16666666666667
EDA,40C,85,2020-07-29 16:15:14,18.64372284658781,41.61047422541268,2.0135625894750273e-05,7.671742648997664e-05,0.48982003046643585,0.49253931592873657,104.2
EDA,40C,86,2020-07-29 16:17:18,35.70546147629442,88.54370028676608,5.8118478152697185e-06,3.048645201642973e-05,0.34426046268577454,0.2959758884783716,106.26666666666667
EDA,40C,87,2020-07-29 16:19:20,3.5358188708802913,1.829995713687454,0.00018467109926469,0.00012334313024975696,0.9999999999999206,0.6447485020485725,108.3
EDA,40C,88,2020-07-29 16:21:24,0.06834382625836037,0.09928703697696195,0.019143676955328957,0.04008071748590256,0.9999236688919375,2.3060839925107985,110.36666666666666
EDA,40C,89,2020-07-29 16:23:28,0.016358846354167147,0.0397705406832316,259.20835278246625,16741458.998893168,0.9999934798346835,9081.258830498975,112.43333333333334
EDA,40C,90,2020-07-29 16:25:30,4.311569024542657,12.897751009907896,5.96956552457909e-05,0.00019221016993802787,0.9999999969542548,2.3423793665067554,114.46666666666667
EDA,40C,91,2020-07-29 16:27:34,22.865752242810235,261.4772045723692,1.0002273788085567e-06,2.772907014612583e-05,0.2637817230187976,0.8308898401894461,116.53333333333333
EDA,40C,92,2020-07-29 16:29:36,3.548258587090255,1.8956888684781747,0.00018600938139253387,0.00012833703418415105,0.999999976061997,0.6667189302236033,118.56666666666666
EDA,40C,93,2020-07-29 16:31:40,1.1224309978858357e-13,0.020544920788407806,1.8039846677082392,0.0,0.10000004989752005,0.0,120.63333333333334
EDA,40C,94,2020-07-29 16:33:42,50.901442949824315,282.28133719330924,1.000000142226006e-06,1.3273427178262639e-05,0.26638942948933214,0.4050210698087608,122.66666666666667
EDA,40C,95,2020-07-29 16:35:46,0.018925643288323538,0.03883714133081213,2874.2000289528596,2304321048.533626,0.9999939583504696,84257.8368168659,124.73333333333333
EDA,40C,96,2020-07-29 16:37:50,9.251709190684418,10.277910585763765,6.093415783656139e-05,0.00010912965280974851,0.6240215032858497,0.45950850164606954,126.8
EDA,40C,97,2020-07-29 16:39:52,0.04389618603501713,0.06995517215955908,0.041259865410118474,0.09455239170866785,0.9999860114712656,2.575009670718413,128.83333333333334
EDA,40C,98,2020-07-29 16:41:56,0.01496085733436643,0.039555316363836586,111.46487286404816,2967905.932022078,0.9999654208122026,4246.965780872262,130.9
EDA,40C,99,2020-07-29 16:43:58,5.208395293929285,5.1788858946889915,9.222537579384753e-05,0.00010796241523728907,0.9999999999999232,0.9795161725513511,132.93333333333334
EDA,40C,100,2020-07-29 16:46:02,0.020402783308473074,0.04013598240472157,100.14942322876576,1752706.6811139493,0.9999949757950649,2839.9065558015823,135.0
EDA,40C,101,2020-07-29 16:50:20,5.470253327303642,0.7915995406974418,0.00012735623488138967,2.278639259188177e-05,0.9999988597702625,0.16183206507036824,139.3
EDA,40C,102,2020-07-29 16:54:40,5.624210007752104,0.9498056107150283,0.00012068790025322549,2.671431097398449e-05,0.9154162133450334,0.15890565299873935,143.63333333333333
EDA,40C,103,2020-07-29 16:59:00,6.918001181712064,1.3501550897416819,9.41090111645346e-05,2.5288732399016552e-05,0.8199466409285857,0.14029530600634255,147.96666666666667
EDA,40C,104,2020-07-29 17:03:20,6.30968695555906,0.8148968727528739,0.00011776715329987721,1.860401848897188e-05,0.9999999999999399,0.14048903085134382,152.3
EDA,40C,105,2020-07-29 17:07:38,5.8419973605426065,0.8436209484602915,0.00012452515776821871,2.3118238138523452e-05,0.9447324483967025,0.14502380633393055,156.6
EDA,40C,106,2020-07-29 17:11:58,6.159062140851075,0.9809329496108362,0.00011295214077679734,2.209159742469101e-05,0.986735127479132,0.16667576412067656,160.93333333333334
EDA,40C,107,2020-07-29 17:16:18,5.703470271438365,0.8014978713460039,0.00012532638669981454,2.1728399788209488e-05,0.9999999989783963,0.15628944152601768,165.26666666666668
EDA,40C,108,2020-07-29 17:20:38,5.474665831711199,0.8487757662087362,0.0001194216950247187,2.269132509230826e-05,0.9999999999986209,0.16950603867861117,169.6
EDA,40C,109,2020-07-29 17:24:58,7.404387093910041,1.7461555026249451,8.202843827481466e-05,2.918817444172737e-05,0.711993880570191,0.12981059079355078,173.93333333333334
DAP,40C,1,2020-07-28 18:35:52,21.954913925986958,0.3470396174093552,0.015825756433092756,0.0005324493623017034,0.5641005944486334,0.008787770421995085,0.0
DAP,40C,2,2020-07-28 18:36:44,20.444932006274396,0.24240044467307087,0.029643351928444202,0.0007060314383417147,0.6164727543036617,0.007917197321588748,0.8666666666666667
DAP,40C,3,2020-07-28 18:37:38,19.505547189329267,0.2030667645110087,0.038631404324401056,0.0007722637902758784,0.6585177954746527,0.007917639691754559,1.7666666666666666
DAP,40C,4,2020-07-28 18:38:32,19.581558052235223,0.1945261032500725,0.04186629985216697,0.0008081358516486596,0.6476819603099223,0.007427492753743466,2.6666666666666665
DAP,40C,5,2020-07-28 18:39:26,19.080788104108976,0.17741161588026058,0.046789378740495456,0.0008255520889050289,0.6698583216999434,0.007426836957965066,3.566666666666667
DAP,40C,6,2020-07-28 18:40:20,18.73221774897159,0.16751790709132586,0.04937819950009494,0.0008250765070011484,0.6846979703459252,0.007440640583812096,4.466666666666667
DAP,40C,7,2020-07-28 18:41:14,18.730992679436916,0.16881106446369556,0.0490024494041796,0.0008205657677827849,0.6902187621941651,0.007583329274028672,5.366666666666666
DAP,40C,8,2020-07-28 18:42:08,18.75962665404398,0.17205859904134918,0.0479293219394748,0.0008208074632313107,0.6854444415069223,0.007613163177063307,6.266666666666667
DAP,40C,9,2020-07-28 18:43:02,18.581326600444232,0.17080494259016601,0.04766111747543042,0.0008161257085494947,0.6877574980452325,0.007664439414491238,7.166666666666667
DAP,40C,10,2020-07-28 18:43:56,18.685057469736172,0.17282248266658332,0.04541942393790775,0.0007761815345011144,0.6959350993602398,0.00781183861935435,8.066666666666666
DAP,40C,11,2020-07-28 18:44:48,18.553935672886404,0.1732182244802403,0.043867020760978315,0.0007493632394234751,0.7057440355925628,0.008036676498631963,8.933333333333334
DAP,40C,12,2020-07-28 18:45:42,18.44453798405296,0.1773523565148344,0.041898320022170796,0.0007321209083804443,0.7127682723464344,0.008381147909861915,9.833333333333334
DAP,40C,13,2020-07-28 18:46:36,18.295578382991575,0.17808607564547135,0.04011561444073042,0.0007053985910999118,0.7189004375290926,0.008581689133608968,10.733333333333333
DAP,40C,14,2020-07-28 18:47:30,18.583848307880835,0.1881608044076151,0.0365088995035516,0.0006733170071336572,0.7102993139940593,0.0086994006614974,11.633333333333333
DAP,40C,15,2020-07-28 18:48:24,18.18746782882728,0.18746595875340266,0.03497459068258261,0.0006481201606746191,0.7238133458250813,0.009135138077285453,12.533333333333333
DAP,40C,16,2020-07-28 18:49:18,17.908605306673593,0.1866538438871329,0.033560541133793725,0.0006174753632862397,0.7432187196682011,0.009669793005016835,13.433333333333334
DAP,40C,17,2020-07-28 18:50:12,18.2413609742825,0.20102498644192585,0.029596292526778263,0.000586489907877343,0.7234319226595849,0.009716849339593842,14.333333333333334
DAP,40C,18,2020-07-28 18:51:06,17.939210976622277,0.20461655376703802,0.02810123832270991,0.0005653253112337782,0.7439882511462156,0.010574437895308614,15.233333333333333
DAP,40C,19,2020-07-28 18:52:00,17.79435625483606,0.21187336287783531,0.026195912077039803,0.0005459661370250921,0.7521758865619933,0.011255822707139042,16.133333333333333
DAP,40C,20,2020-07-28 18:52:54,17.548146761617268,0.21992081987117634,0.02409500447781185,0.0005270988169143626,0.7551358916654912,0.011928172052205525,17.033333333333335
DAP,40C,21,2020-07-28 18:53:48,17.850837402200465,0.23329789094791095,0.021390695911333676,0.0004899645007340821,0.7505630976162632,0.012295860065575263,17.933333333333334
DAP,40C,22,2020-07-28 18:54:42,18.315488623031523,0.26497911869009244,0.018084139587904235,0.00047529152565601923,0.7121225288276233,0.012347062778743315,18.833333333333332
DAP,40C,23,2020-07-28 18:55:36,17.804045099523268,0.2720213429613341,0.01640428819173355,0.00044435355978112394,0.737729111414176,0.013913067444239927,19.733333333333334
DAP,40C,24,2020-07-28 18:56:28,18.318147361072153,0.30841181584055666,0.013540256725297597,0.00041854142184095467,0.7007699576403544,0.013932782536135014,20.6
DAP,40C,25,2020-07-28 18:57:22,17.918114429992464,0.33257628988723553,0.011878814090495142,0.0004031284184759548,0.7047588264569945,0.01551314578820175,21.5
DAP,40C,26,2020-07-28 18:58:16,17.660701039490398,0.3552929979665237,0.010457846513909286,0.0003839534183211468,0.7064198930840624,0.01687713098029881,22.4
DAP,40C,27,2020-07-28 18:59:10,17.789993970923767,0.4071064316705273,0.008335455662458139,0.0003592717877726013,0.674012031261174,0.017574004619000175,23.3
DAP,40C,28,2020-07-28 19:00:04,17.78886701960245,0.46445074326205893,0.006716702820308983,0.0003389052436319081,0.6484086788208938,0.018628474947673192,24.2
DAP,40C,29,2020-07-28 19:00:58,17.6368519481461,0.5255767843387725,0.005326153395791337,0.0003034652599500144,0.6578525748543741,0.021794550094410777,25.1
DAP,40C,30,2020-07-28 19:01:52,17.488558159971088,0.6042634210222654,0.00422681281731255,0.0002821788093761026,0.6467386663397484,0.024416091723692038,26.0
DAP,40C,31,2020-07-28 19:02:46,18.17536021442707,0.81124310676106,0.0028283690126156263,0.0002590679633502478,0.5892844414761076,0.02634863237658533,26.9
DAP,40C,32,2020-07-28 19:03:40,18.075952001605394,0.9574466888591102,0.0021426655373482026,0.0002369910167613631,0.5721059028241793,0.029412551878538497,27.8
DAP,40C,33,2020-07-28 19:04:34,17.11001235843739,1.0902159172010035,0.0016756695779282789,0.00022058875941065044,0.5789534232914044,0.03594093504872509,28.7
DAP,40C,34,2020-07-28 19:05:28,16.714180974164645,1.3296114468604834,0.001227455368387492,0.0001998852036983945,0.5830998396309128,0.04499281671291786,29.6
DAP,40C,35,2020-07-28 19:06:20,14.961319811666884,1.3123430265736096,0.0010613499318837775,0.00017180377408094872,0.6767491737994288,0.06504898193659989,30.466666666666665
DAP,40C,36,2020-07-28 19:07:14,15.999909830363231,1.938324379033085,0.0006574014827529117,0.00015987432883053564,0.5883943192930626,0.06749612581670388,31.366666666666667
DAP,40C,37,2020-07-28 19:08:08,25.61951051881194,7.025982120282122,0.00013094475640569006,9.502526154063245e-05,0.3579979062749842,0.05570504090061647,32.266666666666666
DAP,40C,38,2020-07-28 19:09:02,16.9195025166666,4.141139240580803,0.00027991158646679595,0.00015281309393065873,0.4814799749911907,0.08847258976500673,33.166666666666664
DAP,40C,39,2020-07-28 19:09:56,0.027203260963225284,0.05689048944150517,204.68395174106485,3906618.9179000487,0.9999999853564208,3086.200074605838,34.06666666666667
DAP,40C,40,2020-07-28 19:10:50,10.274176352604877,2.4813229961818926,0.0003060571577136191,0.00010373105557744469,0.9401590003194974,0.2957501155979533,34.96666666666667
DAP,40C,41,2020-07-28 19:11:44,0.024163847287423053,0.0564880077849526,798.1986822448789,80931909.93493296,0.9999768313113739,13441.22157057412,35.86666666666667
DAP,40C,42,2020-07-28 19:12:38,0.02785721218520817,0.05512551922573413,4411.249308294875,2553387322.004319,0.9999999996946567,62560.14179973776,36.766666666666666
DAP,40C,43,2020-07-28 19:13:32,0.015388215673258323,0.056162814786561696,545.5278379564356,56058138.73687798,0.9999994144976261,14345.746665414792,37.666666666666664
DAP,40C,44,2020-07-28 19:14:28,0.01923123611959237,0.05597939867684667,1169.2022883398304,227174490.09880352,0.9999973080093992,24517.029713998945,38.6
DAP,40C,45,2020-07-28 19:15:22,0.02728267495398425,0.12750872493653326,36.421504890845185,12916.948252123035,0.5045495968843183,46.458609902758624,39.5
DAP,40C,46,2020-07-28 19:16:16,0.03336762071168059,0.05602406555059381,430.72118514609565,15552791.581932573,0.9999997949100329,5212.646213439028,40.4
DAP,40C,47,2020-07-28 19:17:08,12.218739517684185,11.38830269531437,8.71920745182626e-05,9.473501733452496e-05,0.9999999334392342,0.8948845385889135,41.266666666666666
DAP,40C,48,2020-07-28 19:18:04,60.126507386390855,210.39739800563618,1.0000026793133772e-06,1.0184228817063598e-05,0.22701511843219688,0.23013399365280163,42.2
DAP,40C,49,2020-07-28 19:18:58,0.028471256369636037,0.055207896019659655,984.311560285965,104958436.61556095,0.9999998867865769,13753.947702527936,43.1
DAP,40C,50,2020-07-28 19:19:52,40.9868085124449,160.01294211870376,9.559442969182303e-06,7.046863228425751e-05,0.40258084201235494,0.5902546243673249,44.0
DAP,40C,51,2020-07-28 19:20:46,0.7477597207128381,18.973011464076606,1.0000335121094802e-06,0.00015975461866858507,0.11327210532691234,0.9654840284650679,44.9
DAP,40C,52,2020-07-28 19:21:40,0.020851371109027135,0.059428384891496475,0.7631564089249229,10.006711180946395,0.9999990642903265,17.406365775264423,45.8
DAP,40C,53,2020-07-28 19:22:34,16.468028801394105,25.21426125121546,5.7383388913184015e-05,0.00011766720797364499,0.7669589698681426,0.8210946465657178,46.7
DAP,40C,54,2020-07-28 19:23:28,6.3956492803014715,7.4270143608463535,0.00011761328440293505,0.00018050482902614345,0.9012068763112763,1.0545820697852315,47.6
DAP,40C,55,2020-07-28 19:24:20,0.011372246866786418,0.055390165614674,702.0066422213737,128209090.29765874,0.9999997023803524,24630.384344763843,48.46666666666667
DAP,40C,56,2020-07-28 19:25:14,8.559714898413908,12.478307168711474,8.678532686905377e-05,0.0001856275975208449,0.7449000184675048,0.8760644139829735,49.36666666666667
DAP,40C,57,2020-07-28 19:26:08,8.22818183508804,8.959112499847828,0.00010120543964687444,0.0001317485831851156,0.9999999925915112,1.116440779979157,50.266666666666666
DAP,40C,58,2020-07-28 19:27:02,0.012081144554874503,0.05612111563616404,973.2102052829566,245218787.98586074,0.9999999546097812,32547.18330545691,51.166666666666664
DAP,40C,59,2020-07-28 19:27:56,86.36960810420449,735.3380437781879,1.0002226904160208e-06,1.9319075191954848e-05,0.27738525868246894,0.634051405092764,52.06666666666667
DAP,40C,60,2020-07-28 19:28:50,0.3267322440711599,0.3096121244740705,0.008109051279959869,0.011054996935068237,0.9999999907516995,1.4996964067262724,52.96666666666667
DAP,40C,61,2020-07-28 19:30:54,0.02467811883405219,1.6706330933405378,341.9529870612073,61998.30985610136,0.10000262419445363,17.36571979431797,55.03333333333333
DAP,40C,62,2020-07-28 19:32:56,37.27959095599542,150.96801692312917,3.868271269154934e-06,3.230702873202211e-05,0.3370412940427128,0.43580221715347506,57.06666666666667
DAP,40C,63,2020-07-28 19:35:00,3.2629238588658556,2.449279955352023,0.0001583914000524354,0.00016291398717625628,0.9002584095755024,0.7433806363399236,59.13333333333333
DAP,40C,64,2020-07-28 19:37:02,10.089982642823118,40.05795654146791,1.0000000000000002e-06,1.4010053972497905e-05,0.1891270682543848,0.21985561251780153,61.166666666666664
DAP,40C,65,2020-07-28 19:39:06,92.5590451562926,373.46196936207843,1.0000030831887429e-06,9.073939784268234e-06,0.27918247287918035,0.30133063802732246,63.233333333333334
DAP,40C,66,2020-07-28 19:41:08,0.025288076056131946,0.05630820080584379,0.06614838482256288,0.20642734944146884,0.9999999907566689,3.9893433682281008,65.26666666666667
DAP,40C,67,2020-07-28 19:43:12,0.006904097526700474,0.03985036364842113,99.58737027924853,5076635.489590314,0.9998484968074848,8278.222238234552,67.33333333333333
DAP,40C,68,2020-07-28 19:45:14,0.008461188001152165,0.03884756243083102,520.9597650991487,140139309.07882676,0.9999998556563114,34448.53456352675,69.36666666666666
DAP,40C,69,2020-07-28 19:47:18,9.007155865425498,8.117110135454269,7.213908541161887e-05,0.00010790374036353742,0.6192744106644411,0.38763988818590234,71.43333333333334
DAP,40C,70,2020-07-28 19:49:20,0.00850143693783421,0.03874956113684086,1320.8299518945812,991581930.9552017,0.9999999999999999,85937.07748707182,73.46666666666667
DAP,40C,71,2020-07-28 19:51:24,0.033818180049392285,0.039204315912591096,233.42891230023173,6379551.961128433,0.999998205889045,3900.1093266640232,75.53333333333333
DAP,40C,72,2020-07-28 19:53:26,3.045675656155848,1.9592790491284495,0.0001735654760497511,0.00014318548239829128,0.9999999999942633,0.7890260403817712,77.56666666666666
DAP,40C,73,2020-07-28 19:55:30,1.6024657250063726e-10,0.02049572008450407,2.214496049682887,114347767.58721304,0.1000040289568906,10330291.501153946,79.63333333333334
DAP,40C,74,2020-07-28 19:57:32,3.8986516145763086,3.0324194501706705,0.00012797969704293765,0.00012315573367302168,0.9999999874370152,0.8712951082451631,81.66666666666667
DAP,40C,75,2020-07-28 19:59:36,0.03393205684215565,1.8569468961110436,33.12899559251923,11270.104928306188,0.1000064825980747,11.148525024124385,83.73333333333333
DAP,40C,76,2020-07-28 20:01:38,0.005630490572321585,0.07340782321852747,0.7424180839783153,54.667404768665,0.6171435580441054,42.72842811576494,85.76666666666667
DAP,40C,77,2020-07-28 20:03:42,0.030947700758853742,0.05068946681012577,0.1042492583956539,0.21952800536527173,0.9999999980823768,3.6522036822978006,87.83333333333333
DAP,40C,78,2020-07-28 20:05:44,66.33117970819444,247.91854834098996,1.0000004916282974e-06,9.135043507865476e-06,0.26212060163408174,0.27063895595977544,89.86666666666666
DAP,40C,79,2020-07-28 20:07:48,0.01716124908325249,0.08966624645393632,37.60104330481906,26015.369059781002,0.5084191443716255,76.90438020567824,91.93333333333334
DAP,40C,80,2020-07-28 20:09:50,0.02884385418014473,0.039284005070702614,431.7418016263901,27885642.77513212,0.9999948500952685,8474.179434889378,93.96666666666667
DAP,40C,81,2020-07-28 20:11:54,0.09769191222132823,0.11832649763307733,0.013763528954874465,0.02401250864157926,0.99999938624512,1.9211929491574384,96.03333333333333
DAP,40C,82,2020-07-28 20:13:56,3.8777205009978006,2.960067596585195,0.0001302829494974061,0.00012333078371799347,0.9999999996787986,0.860261533437826,98.06666666666666
DAP,40C,83,2020-07-28 20:16:00,6.029683794226688,4.43877988766019,0.00010867681748350189,0.00011690918705310203,0.778339712439961,0.5096689623242618,100.13333333333334
DAP,40C,84,2020-07-28 20:18:02,0.007964906923879154,0.039972933175083006,103.6776903685765,4819643.091862532,0.9999995471918103,7501.397057469758,102.16666666666667
DAP,40C,85,2020-07-28 20:20:06,4.900808806632365,3.4459430116961274,0.00013257778139404223,0.0001405574200899149,0.7701429461817495,0.50588381038692,104.23333333333333
DAP,40C,86,2020-07-28 20:22:08,0.015564781703024638,0.0664583312427225,65.65384830870312,128662.94158801508,0.6286629240731245,228.69871850248447,106.26666666666667
DAP,40C,87,2020-07-28 20:24:12,0.019226696293346942,0.03950359729928738,1931.2677264464842,1000886027.5886662,0.9999999999999999,56844.03798226335,108.33333333333333
DAP,40C,88,2020-07-28 20:26:16,0.038975555416203705,1.508584844015942,30311.47313518961,18353764.899534103,0.10000242440083632,15.487473194727382,110.4
DAP,40C,89,2020-07-28 20:28:18,6.352899949679132,3.950892351569397,0.00010837833859996745,8.144613714182099e-05,0.9999999998522247,0.6555426664920334,112.43333333333334
DAP,40C,90,2020-07-28 20:30:22,0.01873660859345812,0.03884695314460247,289.4382660738803,18079201.719058897,0.9999999966904859,8648.744574299228,114.5
DAP,40C,91,2020-07-28 20:32:24,0.008098757154378845,1.6751367310330791,405.8328852132857,208440.17280040018,0.10000043667017218,53.96289906764119,116.53333333333333
DAP,40C,92,2020-07-28 20:34:28,0.013487472386557441,0.0389138737645753,388.65986219330495,47185656.13744863,0.9999731547838064,16151.135775798464,118.6
DAP,40C,93,2020-07-28 20:36:30,2.3502944533865793,3.719676997237551,0.00011176564039173469,0.0002147305381128624,0.9999997977318466,1.6882493830756908,120.63333333333334
DAP,40C,94,2020-07-28 20:38:34,0.01891565737743776,0.038659171421793294,315.3934809705016,21414879.568540912,0.9999999934367163,9290.87266004985,122.7
DAP,40C,95,2020-07-28 20:40:36,4.37676814390882,3.2666522317876563,0.0001233011542480252,0.00011328654933264003,0.9999999998095395,0.8253662951346591,124.73333333333333
DAP,40C,96,2020-07-28 20:42:40,35.2888885698323,235.35083808713011,2.348381899906708e-06,3.279271386935418e-05,0.31698721124905627,0.6226145591536729,126.8
DAP,40C,97,2020-07-28 20:44:44,0.08262932327933216,4.157393945695528,0.0005349152314098648,0.2570252925740088,0.10003301132380513,3.5064124018761276,128.86666666666667
DAP,40C,98,2020-07-28 20:46:46,0.026543718025493816,0.03930333529620581,333.44816997005677,17471356.540224884,0.9999972340207517,7115.523080921423,130.9
DAP,40C,99,2020-07-28 20:48:50,0.028703047929044927,0.04192379952101056,0.4044071231547211,3.039593027599753,0.9999999999965015,9.395658518511635,132.96666666666667
DAP,40C,100,2020-07-28 20:50:52,5.580060617988617,3.497495536226048,0.00011632613326770908,8.916580527864703e-05,0.9979091788310179,0.6762613096868036,135.0
DAP,40C,101,2020-07-28 20:55:12,6.739330850459337,1.0694795996805107,0.00010726640438176175,2.1181125886570166e-05,0.9598169859843377,0.1553129363775032,139.33333333333334
DAP,40C,102,2020-07-28 20:59:32,11.06905747747426,5.421499496035383,3.4758239592826503e-05,2.7705414562832742e-05,0.5613125208485604,0.1480902684701954,143.66666666666666
DAP,40C,103,2020-07-28 21:03:52,7.770348363363638,2.027806042811473,7.442231629303357e-05,2.8738216672985775e-05,0.7169017173070361,0.14053206321289963,148.0
DAP,40C,104,2020-07-28 21:08:10,5.574324498554672,0.9161705989123959,0.0001161841441328763,2.3312118002303045e-05,0.9999999999996181,0.1778976492456624,152.3
DAP,40C,105,2020-07-28 21:12:30,6.335265910625952,1.06659392690348,0.00010397040826129627,2.101721368100292e-05,0.9999999998064122,0.17454794518106662,156.63333333333333
DAP,40C,106,2020-07-28 21:16:50,4.922781525199918,0.951387955719846,0.00011539551411756719,2.719957578270658e-05,0.9999999962922119,0.20865839863109573,160.96666666666667
DAP,40C,107,2020-07-28 21:21:10,6.220605973524587,0.9020165176605931,0.00011469371417216734,2.026586953678075e-05,0.9999999994734212,0.1562004714926262,165.3
DAP,40C,108,2020-07-28 21:25:30,6.72605889248745,1.2356421442251468,9.669013281456079e-05,2.4344664784976832e-05,0.8290192408694212,0.13571053416764464,169.63333333333333
DAP,40C,109,2020-07-28 21:29:50,5.354508659611578,0.8734264787956105,0.00011534128404433397,2.294500940678265e-05,0.9999999999970894,0.1760838622966082,173.96666666666667
DAB,40C,1,2020-07-28 15:33:56,21.929425750820005,0.7636027087399023,0.005388631117697268,0.000395600539215441,0.5690736373301454,0.019432603028755914,0.0
DAB,40C,2,2020-07-28 15:34:50,20.059978078878586,0.3560272100020319,0.012552961048527716,0.00042419127188234187,0.6642926208005767,0.013297448565642224,0.9
DAB,40C,3,2020-07-28 15:35:44,19.349449376982616,0.2818182455906955,0.01768170842433303,0.0004759184645224698,0.6945053176433351,0.011866911424360128,1.8
DAB,40C,4,2020-07-28 15:36:38,18.925027990734158,0.2523238477316703,0.021989977723429383,0.0005417286545493755,0.6949760939430574,0.010889933195766418,2.7
DAB,40C,5,2020-07-28 15:37:32,18.650637480411223,0.23343086555732584,0.025318458453916365,0.0005780086412481608,0.7083608571154736,0.0105994651093405,3.6
DAB,40C,6,2020-07-28 15:38:26,18.380474488605216,0.2178135279154151,0.028042638176584516,0.0006007692764870785,0.7177444761109282,0.010291896197558752,4.5
DAB,40C,7,2020-07-28 15:39:20,18.63790446137134,0.2168367284513657,0.02930619575464132,0.0006231377937479249,0.7065413395193381,0.009829507641420888,5.4
DAB,40C,8,2020-07-28 15:40:12,18.155712900657765,0.20629919849741768,0.03154787205555551,0.0006426143949615913,0.7267436833142837,0.010113822603215576,6.266666666666667
DAB,40C,9,2020-07-28 15:41:06,18.404157134506814,0.20733155414481136,0.031737078521324694,0.0006464443664075496,0.7177764067284839,0.00980860968267067,7.166666666666667
DAB,40C,10,2020-07-28 15:42:00,17.791884487945328,0.19244806764092776,0.034233494009927964,0.0006483843677422747,0.7520479192051422,0.010254083198117065,8.066666666666666
DAB,40C,11,2020-07-28 15:42:54,18.015701970663898,0.19495999604715641,0.033460504293259086,0.000643384045223139,0.7362241984243327,0.009871229382546679,8.966666666666667
DAB,40C,12,2020-07-28 15:43:48,17.986652537301964,0.19338281174212846,0.03420837943427879,0.00065307916253183,0.736927843923295,0.009829378957250385,9.866666666666667
DAB,40C,13,2020-07-28 15:44:42,17.805072999603613,0.19066741973871448,0.03473128924734212,0.000653047850529449,0.7490429023579583,0.010082531972763079,10.766666666666667
DAB,40C,14,2020-07-28 15:45:36,17.65082941403315,0.18814723969422187,0.03546665014761582,0.0006607943528130308,0.7540263664799949,0.010160657802314284,11.666666666666666
DAB,40C,15,2020-07-28 15:46:30,17.75801721120628,0.19675960652266022,0.03430369590896361,0.0006772214431733186,0.7332899907701553,0.010041906818517401,12.566666666666666
DAB,40C,16,2020-07-28 15:47:24,18.05840402317088,0.19929832695222519,0.03317534213086069,0.0006534509629181298,0.7314837499551232,0.009949658441486691,13.466666666666667
DAB,40C,17,2020-07-28 15:48:18,17.81641345277508,0.1923524721708305,0.03373436273424528,0.0006392112255867747,0.7495142898552435,0.010170110600645266,14.366666666666667
DAB,40C,18,2020-07-28 15:49:12,17.582977127586066,0.19338448336993536,0.033765682294378846,0.0006500854266890612,0.7523495014356956,0.010430987601367242,15.266666666666667
DAB,40C,19,2020-07-28 15:50:06,17.535264518961327,0.1916837306106887,0.033504112541664015,0.0006348110081357918,0.7632250501919516,0.010636975190410831,16.166666666666668
DAB,40C,20,2020-07-28 15:51:00,17.874010443320028,0.20003368084815148,0.03169202662517621,0.0006225056718568673,0.7494157569322416,0.0105280777433388,17.066666666666666
DAB,40C,21,2020-07-28 15:51:54,17.536562297616282,0.195031055407056,0.03146290600072706,0.0006083959252558103,0.7597219904691322,0.010722977008059935,17.966666666666665
DAB,40C,22,2020-07-28 15:52:48,17.504958435371286,0.19857055462359743,0.030826915789586427,0.0006028905223378856,0.7691053817659568,0.011181340400799237,18.866666666666667
DAB,40C,23,2020-07-28 15:53:42,17.338577314869763,0.19750838717083583,0.030760996450826243,0.0005986285520743707,0.7793968054651628,0.011502988931120313,19.766666666666666
DAB,40C,24,2020-07-28 15:54:34,17.131956813427568,0.19665872521202976,0.029876701355617655,0.0005844785363596747,0.7821316524688398,0.011663560321378812,20.633333333333333
DAB,40C,25,2020-07-28 15:55:28,17.35573132676851,0.2071989534143736,0.028229036491065267,0.0005769875565019588,0.7768669611901126,0.011977653005074473,21.533333333333335
DAB,40C,26,2020-07-28 15:56:22,17.32436800754205,0.21154979241746338,0.02723945564085318,0.0005737945385950265,0.768350484417382,0.012004528756175597,22.433333333333334
DAB,40C,27,2020-07-28 15:57:16,17.25256029331251,0.20908362993318128,0.026468473145759158,0.000546606376361706,0.7821482801131123,0.012307151188300277,23.333333333333332
DAB,40C,28,2020-07-28 15:58:10,17.379643790471633,0.21707245980527357,0.025010207564084154,0.0005346102414065816,0.7771859726778654,0.012534346441163009,24.233333333333334
DAB,40C,29,2020-07-28 15:59:04,17.214642781028008,0.2258198240252832,0.024015585101546926,0.0005436517857744741,0.7678040131420004,0.012872522753264773,25.133333333333333
DAB,40C,30,2020-07-28 15:59:58,17.566536572381235,0.23641722413229893,0.022273357590269417,0.0005215490802059096,0.7586311908907748,0.01291505577551484,26.033333333333335
DAB,40C,31,2020-07-28 16:00:52,17.70635643246922,0.24228737760612187,0.021193203289466625,0.000506179458293883,0.7550462297874276,0.01301529206057748,26.933333333333334
DAB,40C,32,2020-07-28 16:01:44,17.52596046852586,0.24776354606327644,0.02003772671856767,0.0004917341699953798,0.7610226259651534,0.013640640953485963,27.8
DAB,40C,33,2020-07-28 16:02:38,17.4604914219718,0.24986454180305528,0.019254660378367195,0.0004777804847171886,0.7622005949343023,0.013845633183488333,28.7
DAB,40C,34,2020-07-28 16:03:32,17.46552436343708,0.2639330710302532,0.01803238103511682,0.0004790721743821362,0.7469565464353689,0.01408431645724163,29.6
DAB,40C,35,2020-07-28 16:04:26,17.499387580088722,0.2727088901528795,0.01671822676730498,0.0004588865594626047,0.744838626801828,0.0144451548171832,30.5
DAB,40C,36,2020-07-28 16:05:20,17.905291294353205,0.29006832274173283,0.015487891176965071,0.0004484233079408136,0.729052967066908,0.01443082296128885,31.4
DAB,40C,37,2020-07-28 16:06:14,17.82481120752856,0.3067369275932199,0.014470020768216397,0.0004495347154151595,0.7183116305246474,0.014910748734051085,32.3
DAB,40C,38,2020-07-28 16:07:08,17.62538478558472,0.31156949158939795,0.013513040876561301,0.0004256468032843043,0.7320012868532642,0.015856227410292665,33.2
DAB,40C,39,2020-07-28 16:08:02,17.56933546987058,0.33104192965970336,0.012383316533658909,0.0004255886776002727,0.707322404017202,0.015857258268731623,34.1
DAB,40C,40,2020-07-28 16:08:56,17.355924646070854,0.33343778371855326,0.011948795466120947,0.0004145993311528627,0.7175164911487502,0.01659926730656177,35.0
DAB,40C,41,2020-07-28 16:09:48,17.38816089498891,0.33830974295500144,0.011222914063087432,0.00038676443748252487,0.7380413932332034,0.017704245295360955,35.86666666666667
DAB,40C,42,2020-07-28 16:10:42,17.35900413013598,0.3815816145933148,0.010215771320768563,0.00041259430499496647,0.6994364119217038,0.018102643039944268,36.766666666666666
DAB,40C,43,2020-07-28 16:11:36,17.42383660904925,0.3763413328600816,0.009720885050746949,0.0003842618491189752,0.7033446722415226,0.017967136392250574,37.666666666666664
DAB,40C,44,2020-07-28 16:12:30,17.90101499005272,0.4236218807246741,0.008138178093248967,0.00036061047633519446,0.6797715528858138,0.018459781044316927,38.56666666666667
DAB,40C,45,2020-07-28 16:13:24,17.813224225409343,0.45133783314791753,0.007654453671152254,0.00037129520017339495,0.6578372050914006,0.0185885571384639,39.46666666666667
DAB,40C,46,2020-07-28 16:14:18,17.298486892978794,0.4599138766829113,0.0072244575165648734,0.0003589177814400047,0.6814606582814434,0.0208171647968245,40.36666666666667
DAB,40C,47,2020-07-28 16:15:12,17.033494287086725,0.45943657541690347,0.006913616267659529,0.0003471856507782274,0.6849732832035295,0.021314175376686943,41.266666666666666
DAB,40C,48,2020-07-28 16:16:06,16.403208860370416,0.44482269770702443,0.006879789885922767,0.0003389514388064327,0.7099005516498484,0.02289564953932889,42.166666666666664
DAB,40C,49,2020-07-28 16:17:00,17.60968784490156,0.5468506626515651,0.0055005618603567105,0.00033275620056672894,0.6401225811644914,0.02159298659626197,43.06666666666667
DAB,40C,50,2020-07-28 16:17:54,18.403441357907514,0.6340680830253451,0.004437994767194714,0.000308394108996292,0.6072045771799066,0.021658870175840058,43.96666666666667
DAB,40C,51,2020-07-28 16:18:48,17.593457810288022,0.6048067241531317,0.004550110171368391,0.00030607036331544297,0.6351424965716294,0.02350900585938216,44.86666666666667
DAB,40C,52,2020-07-28 16:19:40,17.480954024072282,0.63658271133747,0.004267539374954689,0.00030510030635603965,0.6317375462251629,0.024635547728438137,45.733333333333334
DAB,40C,53,2020-07-28 16:20:34,17.652592564757825,0.6871792623014054,0.0037498161818365124,0.00029152412772540966,0.6153088309736869,0.025028046984733387,46.63333333333333
DAB,40C,54,2020-07-28 16:21:28,16.51865911049836,0.6858527252826593,0.003756904443093745,0.0003076763427505821,0.6267332416881927,0.0276271588163513,47.53333333333333
DAB,40C,55,2020-07-28 16:22:22,18.317125830240983,0.8577061814952306,0.0027714722961762845,0.0002716406974346587,0.5719802204978885,0.026133832839880425,48.43333333333333
DAB,40C,56,2020-07-28 16:23:16,17.35569925717706,0.8123291372050854,0.00279134806338149,0.00026105171383483666,0.6130282073394879,0.02973791655403695,49.333333333333336
DAB,40C,57,2020-07-28 16:24:10,16.618857320002043,0.7965525925251813,0.0028385321676654297,0.00027097785672955534,0.6160718698548918,0.030745746223398904,50.233333333333334
DAB,40C,58,2020-07-28 16:25:04,16.205066143343192,0.8307643383985934,0.0027296670579074417,0.0002807017401500468,0.6093525384693987,0.03219485949822687,51.13333333333333
DAB,40C,59,2020-07-28 16:25:58,17.099718577080825,0.9118225586903018,0.0023868628345622774,0.00025741964513369093,0.6009222853588101,0.03253747365790412,52.03333333333333
DAB,40C,60,2020-07-28 16:26:52,18.728963585703653,1.1600521172985139,0.0016827676696117974,0.00022110440561589462,0.5565337108348197,0.03245766255095757,52.93333333333333
DAB,40C,61,2020-07-28 16:28:54,17.343096006794006,0.5765458694637973,0.001667430232537407,0.00011723616832271537,0.5589531936672342,0.01755752441943118,54.96666666666667
DAB,40C,62,2020-07-28 16:30:58,17.2160376423027,0.6255876668007019,0.0014371022824130426,0.00011008714449098883,0.5600533323547827,0.01917264189955858,57.03333333333333
DAB,40C,63,2020-07-28 16:33:00,17.24731634646113,0.7225107298070527,0.0011542356914838884,0.00010010124181092992,0.5725336059443326,0.022844369906443618,59.06666666666667
DAB,40C,64,2020-07-28 16:35:04,16.085773471247165,0.7186904849320217,0.0010975738751458069,0.00010004729961290047,0.5843666934866211,0.025256873138705383,61.13333333333333
DAB,40C,65,2020-07-28 16:37:06,16.66875154406106,0.8783947915529438,0.0008496256231127067,9.49240161794352e-05,0.5476736030965819,0.026096313424674784,63.166666666666664
DAB,40C,66,2020-07-28 16:39:10,15.936003125337482,0.9146781230736756,0.000775353617366926,9.127525575267667e-05,0.5736073000582304,0.030815223910135758,65.23333333333333
DAB,40C,67,2020-07-28 16:41:12,16.232191426937675,1.098248367388046,0.0006181337068770709,8.847613811426079e-05,0.5430481991274162,0.03238962521012349,67.26666666666667
DAB,40C,68,2020-07-28 16:43:16,17.98238015085774,1.5901750793071092,0.00040096315176434903,7.965179209901195e-05,0.486627463074956,0.03361434610950185,69.33333333333333
DAB,40C,69,2020-07-28 16:45:18,14.571221135953397,1.1105016923970532,0.0005606439900263162,8.466493198289516e-05,0.5955893628918681,0.04294458490035989,71.36666666666666
DAB,40C,70,2020-07-28 16:47:20,15.372679594277216,1.4911463709449173,0.00041303417108839936,8.479039711810208e-05,0.5323105977280576,0.04345583076838541,73.4
DAB,40C,71,2020-07-28 16:49:24,15.886188014968036,1.5873624194539118,0.00036530227670584,7.498381208745621e-05,0.5520674927552187,0.04728394779849919,75.46666666666667
DAB,40C,72,2020-07-28 16:51:26,16.965466684856317,2.4191112201211222,0.0002340360592691523,7.807850410236984e-05,0.4439403356382288,0.043969257314455695,77.5
DAB,40C,73,2020-07-28 16:53:30,15.300518952604033,1.8288659879745965,0.0003131120919076765,7.639264287963205e-05,0.5517052498427937,0.0556267993154035,79.56666666666666
DAB,40C,74,2020-07-28 16:55:32,15.053139381132512,2.1800041050779644,0.00026803139580400547,8.344961074872508e-05,0.5064053073081829,0.05695555985597321,81.6
DAB,40C,75,2020-07-28 16:57:36,12.443425363483408,1.59064890508953,0.0003363782671355418,8.030775702445602e-05,0.6301441823043721,0.07614843637255964,83.66666666666667
DAB,40C,76,2020-07-28 16:59:38,6.3386434988053955,1.1496814237364432,0.00041105763315372215,0.00011788670112972275,0.8110150188434149,0.1754830040585866,85.7
DAB,40C,77,2020-07-28 17:01:42,13.546105990767762,2.219563598530543,0.00023744842599065312,7.348969214057971e-05,0.6033973264718164,0.08642533702628326,87.76666666666667
DAB,40C,78,2020-07-28 17:03:44,10.293343025944388,1.2757798330556822,0.0003479434672574544,6.830842661044975e-05,0.7994187046951452,0.11448870867249496,89.8
DAB,40C,79,2020-07-28 17:05:48,4.678241949440546,2.4574525011821486,0.00021353147955969348,0.000213520725655189,0.5912516743427166,0.26333242758868153,91.86666666666666
DAB,40C,80,2020-07-28 17:07:50,10.692596531219616,1.77030838646717,0.0002761947282413637,7.724858597631524e-05,0.7159510212215091,0.12114659345756647,93.9
DAB,40C,81,2020-07-28 17:09:54,15.054342868234682,3.4594048762144,0.00015039230399916588,6.818609934988834e-05,0.5438952113443826,0.09460205521666583,95.96666666666667
DAB,40C,82,2020-07-28 17:11:56,10.654789343696201,1.8978371257752873,0.0002461397963937805,7.459291210119574e-05,0.7015126604355841,0.12347926387069502,98.0
DAB,40C,83,2020-07-28 17:14:00,14.018413248686436,3.266394374801994,0.0001593405115652547,7.47489057235345e-05,0.5320732724485606,0.09331365570545938,100.06666666666666
DAB,40C,84,2020-07-28 17:16:02,15.559537702370527,4.0066252236585305,0.00013090094747088217,6.534580637643938e-05,0.5489102658705793,0.1051104456200591,102.1
DAB,40C,85,2020-07-28 17:18:04,7.032742797494045,1.700536220483341,0.00025922534133084865,9.887020433963588e-05,0.7842887306539511,0.2067546159791045,104.13333333333334
DAB,40C,86,2020-07-28 17:20:08,14.178051419342276,3.836639844029933,0.0001346655116440035,6.68182137993513e-05,0.5934874595755449,0.12626162902686516,106.2
DAB,40C,87,2020-07-28 17:22:10,9.546023683291708,1.859744574133451,0.0002425259916499171,7.58021544575697e-05,0.7608831339940879,0.15596114687500118,108.23333333333333
DAB,40C,88,2020-07-28 17:24:14,11.246989106136905,3.065975257395997,0.00016232422086546083,7.780145271038208e-05,0.6419472754329548,0.15045690822899016,110.3
DAB,40C,89,2020-07-28 17:26:18,8.239385299851374,1.8579862302224464,0.00023236367245004318,8.073817428885033e-05,0.8018082297373924,0.19702302190101992,112.36666666666666
DAB,40C,90,2020-07-28 17:28:20,5.9333353407210385,1.2189615696899654,0.00028715070489572226,7.897135264549271e-05,0.9999999989059429,0.27934480140666973,114.4
DAB,40C,91,2020-07-28 17:30:22,7.335740495412694,2.2560377518459473,0.00019328715946217455,9.026205071350938e-05,0.8018420353754471,0.25938435863996934,116.43333333333334
DAB,40C,92,2020-07-28 17:32:26,9.473188905713167,2.986655057172273,0.00016979074429812025,9.781932567871844e-05,0.6118713418770593,0.16163023856317107,118.5
DAB,40C,93,2020-07-28 17:34:30,10.355844044466311,3.2451003486822914,0.0001548129892703894,8.513078021557565e-05,0.6401472256355794,0.17055913106396467,120.56666666666666
DAB,40C,94,2020-07-28 17:36:32,18.463227927816522,9.223912008918134,5.693485059122566e-05,5.8809510885499065e-05,0.45904065312351877,0.1325257029720276,122.6
DAB,40C,95,2020-07-28 17:38:36,0.028389449707087448,0.05082810426248772,0.10788149837944389,0.2459814594604841,0.9999998176805774,4.074978892825936,124.66666666666667
DAB,40C,96,2020-07-28 17:40:38,11.244992351356123,4.486343571246313,0.0001157948079958911,7.959968905686543e-05,0.6327206372759323,0.20026504544935747,126.7
DAB,40C,97,2020-07-28 17:42:42,0.0423812620832215,0.05405985407792584,0.08165908422315347,0.1416389381015789,0.9999915576920084,2.4952540257727573,128.76666666666668
DAB,40C,98,2020-07-28 17:44:44,9.81768217334454,3.0317522159069257,0.00015260665586548392,7.282791729472644e-05,0.7597170210829193,0.22476022389274258,130.8
DAB,40C,99,2020-07-28 17:46:48,10.540619505349932,4.394857255999656,0.00011650558272029874,8.24685616529412e-05,0.645724776612022,0.21663658489374116,132.86666666666667
DAB,40C,100,2020-07-28 17:48:50,0.01373826924063178,0.040143375141212696,335.56767938058135,34941870.53479164,0.9999973088446362,14128.570414144568,134.9
DAB,40C,101,2020-07-28 17:53:10,11.560032995771651,1.2677048123839796,0.00011381446270258113,2.1121816549813086e-05,0.646390749065316,0.056761028478635636,139.23333333333332
DAB,40C,102,2020-07-28 17:57:30,10.722974108898315,1.079048407311467,0.00012127601189406246,2.0247503628132942e-05,0.6693351076476264,0.05597992155654933,143.56666666666666
DAB,40C,103,2020-07-28 18:01:50,9.674488439800703,0.9852463177436522,0.00013899917002231201,2.2422139492886663e-05,0.7255518370188192,0.06699003096198478,147.9
DAB,40C,104,2020-07-28 18:06:10,9.862961749584837,0.9135021351490882,0.00013817198874102376,2.0296929858709935e-05,0.7237023866241749,0.06057468285138083,152.23333333333332
DAB,40C,105,2020-07-28 18:10:30,10.343718097583663,1.063952154707776,0.00012119360954255909,2.0293044675205003e-05,0.6863492773252671,0.05962867658479765,156.56666666666666
DAB,40C,106,2020-07-28 18:14:48,9.231196960186008,0.8472518050658133,0.00014067633804200664,1.9200533312906233e-05,0.7914344913157895,0.07027185522060878,160.86666666666667
DAB,40C,107,2020-07-28 18:19:08,9.08708977906034,0.7594919721515027,0.00014454630174620288,1.7446530734971893e-05,0.8267841861741375,0.06952143409190407,165.2
DAB,40C,108,2020-07-28 18:23:28,9.820227006873704,1.0504310064750266,0.00012457508731889314,2.0559369411982396e-05,0.7399947646365392,0.07077084787085768,169.53333333333333
DAB,40C,109,2020-07-28 18:27:48,11.444434602153924,1.381398769544065,0.00010040653595567929,1.984084612167521e-05,0.6629993661519156,0.06306797416724064,173.86666666666667
